DEBUG:ant.base.driver:USB Find device, vendor 0xfcf, product 0x1009
DEBUG:ant.base.driver:USB Config values:
DEBUG:ant.base.driver: Config 1
DEBUG:ant.base.driver:  Interface 0, Alt 0
DEBUG:ant.base.driver:   Endpoint 129
DEBUG:ant.base.driver:   Endpoint 1
DEBUG:ant.base.driver:No kernel driver active
DEBUG:ant.base.driver:UBS Endpoint out:       ENDPOINT 0x1: Bulk OUT ===============================
       bLength          :    0x7 (7 bytes)
       bDescriptorType  :    0x5 Endpoint
       bEndpointAddress :    0x1 OUT
       bmAttributes     :    0x2 Bulk
       wMaxPacketSize   :   0x40 (64 bytes)
       bInterval        :    0x1, 1
DEBUG:ant.base.driver:UBS Endpoint in:       ENDPOINT 0x81: Bulk IN ===============================
       bLength          :    0x7 (7 bytes)
       bDescriptorType  :    0x5 Endpoint
       bEndpointAddress :   0x81 IN
       bmAttributes     :    0x2 Bulk
       wMaxPacketSize   :   0x40 (64 bytes)
       bInterval        :    0x1, 129
DEBUG:ant.base.ant:Ant runner started
DEBUG:ant.base.ant:Write data: [a4 01 4a 00 ef]
DEBUG:ant.base.ant:Read data: [a4 01 6f 20 ea] (now have [a4 01 6f 20 ea] in buffer)
DEBUG:ant.base.ant:Write data: [a4 09 46 00 b9 a5 21 fb bd 72 c3 45 64]
DEBUG:ant.easy.filter:wait for message matching <function wait_for_response.<locals>.match at 0x106339158>
DEBUG:ant.easy.filter:looking for matching message in deque([(None, 111, array('B', [32]))])
DEBUG:ant.easy.filter: - could not find response matching <function wait_for_response.<locals>.match at 0x106339158>
DEBUG:ant.base.ant:Read data: [a4 03 40 00 46 00 a1] (now have [a4 03 40 00 46 00 a1] in buffer)
DEBUG:ant.easy.filter:looking for matching message in deque([(None, 111, array('B', [32])), (0, 70, array('B', [0]))])
DEBUG:ant.easy.filter: - response found (0, 70, array('B', [0]))
DEBUG:ant.base.ant:Write data: [a4 04 42 00 00 00 01 e3]
DEBUG:ant.easy.filter:wait for message matching <function wait_for_response.<locals>.match at 0x1063391e0>
DEBUG:ant.easy.filter:looking for matching message in deque([(None, 111, array('B', [32]))])
DEBUG:ant.easy.filter: - could not find response matching <function wait_for_response.<locals>.match at 0x1063391e0>
DEBUG:ant.base.ant:Read data: [a4 03 40 00 42 00 a5] (now have [a4 03 40 00 42 00 a5] in buffer)
DEBUG:ant.easy.filter:looking for matching message in deque([(None, 111, array('B', [32])), (0, 66, array('B', [0]))])
DEBUG:ant.easy.filter: - response found (0, 66, array('B', [0]))
DEBUG:ant.base.ant:Write data: [a4 05 51 00 00 00 78 00 88]
DEBUG:ant.easy.filter:wait for message matching <function wait_for_response.<locals>.match at 0x106339158>
DEBUG:ant.easy.filter:looking for matching message in deque([(None, 111, array('B', [32]))])
DEBUG:ant.easy.filter: - could not find response matching <function wait_for_response.<locals>.match at 0x106339158>
DEBUG:ant.base.ant:Read data: [a4 03 40 00 51 00 b6] (now have [a4 03 40 00 51 00 b6] in buffer)
DEBUG:ant.easy.filter:looking for matching message in deque([(None, 111, array('B', [32])), (0, 81, array('B', [0]))])
DEBUG:ant.easy.filter: - response found (0, 81, array('B', [0]))
DEBUG:ant.base.ant:Write data: [a4 02 66 00 01 c1]
DEBUG:ant.easy.filter:wait for message matching <function wait_for_response.<locals>.match at 0x1063391e0>
DEBUG:ant.easy.filter:looking for matching message in deque([(None, 111, array('B', [32]))])
DEBUG:ant.easy.filter: - could not find response matching <function wait_for_response.<locals>.match at 0x1063391e0>
DEBUG:ant.base.ant:Read data: [a4 03 40 00 66 00 81] (now have [a4 03 40 00 66 00 81] in buffer)
DEBUG:ant.easy.filter:looking for matching message in deque([(None, 111, array('B', [32])), (0, 102, array('B', [0]))])
DEBUG:ant.easy.filter: - response found (0, 102, array('B', [0]))
DEBUG:ant.base.ant:Write data: [a4 02 44 00 ff 1d]
DEBUG:ant.easy.filter:wait for message matching <function wait_for_response.<locals>.match at 0x106339158>
DEBUG:ant.easy.filter:looking for matching message in deque([(None, 111, array('B', [32]))])
DEBUG:ant.easy.filter: - could not find response matching <function wait_for_response.<locals>.match at 0x106339158>
DEBUG:ant.base.ant:Read data: [a4 03 40 00 44 00 a3] (now have [a4 03 40 00 44 00 a3] in buffer)
DEBUG:ant.easy.filter:looking for matching message in deque([(None, 111, array('B', [32])), (0, 68, array('B', [0]))])
DEBUG:ant.easy.filter: - response found (0, 68, array('B', [0]))
DEBUG:ant.base.ant:Write data: [a4 03 43 00 86 1f 7d]
DEBUG:ant.easy.filter:wait for message matching <function wait_for_response.<locals>.match at 0x1063391e0>
DEBUG:ant.easy.filter:looking for matching message in deque([(None, 111, array('B', [32]))])
DEBUG:ant.easy.filter: - could not find response matching <function wait_for_response.<locals>.match at 0x1063391e0>
DEBUG:ant.base.ant:Read data: [a4 03 40 00 43 00 a4] (now have [a4 03 40 00 43 00 a4] in buffer)
DEBUG:ant.easy.filter:looking for matching message in deque([(None, 111, array('B', [32])), (0, 67, array('B', [0]))])
DEBUG:ant.easy.filter: - response found (0, 67, array('B', [0]))
DEBUG:ant.base.ant:Write data: [a4 02 45 00 39 da]
DEBUG:ant.easy.filter:wait for message matching <function wait_for_response.<locals>.match at 0x106339158>
DEBUG:ant.easy.filter:looking for matching message in deque([(None, 111, array('B', [32]))])
DEBUG:ant.base.ant:Read data: [a4 03 40 00 45 00 a2] (now have [a4 03 40 00 45 00 a2] in buffer)
DEBUG:ant.easy.filter: - could not find response matching <function wait_for_response.<locals>.match at 0x106339158>
DEBUG:ant.easy.filter:looking for matching message in deque([(None, 111, array('B', [32])), (0, 69, array('B', [0]))])
DEBUG:ant.easy.filter: - response found (0, 69, array('B', [0]))
DEBUG:ant.base.ant:Write data: [a4 01 4b 00 ee]
DEBUG:ant.easy.filter:wait for message matching <function wait_for_response.<locals>.match at 0x1063391e0>
DEBUG:ant.easy.filter:looking for matching message in deque([(None, 111, array('B', [32]))])
DEBUG:ant.easy.filter: - could not find response matching <function wait_for_response.<locals>.match at 0x1063391e0>
DEBUG:ant.base.ant:Read data: [a4 03 40 00 4b 00 ac] (now have [a4 03 40 00 4b 00 ac] in buffer)
DEBUG:ant.easy.filter:looking for matching message in deque([(None, 111, array('B', [32])), (0, 75, array('B', [0]))])
DEBUG:ant.easy.filter: - response found (0, 75, array('B', [0]))
DEBUG:ant.base.ant:Read data: [a4 0e 4e 00 04 ff 2e e2 29 e6 83 43 80 9a 0d 78 d1 62] (now have [a4 0e 4e 00 04 ff 2e e2 29 e6 83 43 80 9a 0d 78 d1 62] in buffer)
DEBUG:ant.base.ant:Got broadcast data, examine queue to see if we should send anything back
DEBUG:ant.base.ant: - no messages in queue
DEBUG:ant.base.ant:Read data: [a4 0e 4e 00 04 ff 2e e2 29 e6 83 43 80 9a 0d 78 d1 62] (now have [a4 0e 4e 00 04 ff 2e e2 29 e6 83 43 80 9a 0d 78 d1 62] in buffer)
DEBUG:ant.base.ant:No new data this period
DEBUG:ant.base.ant:Got broadcast data, examine queue to see if we should send anything back
DEBUG:ant.base.ant: - no messages in queue
DEBUG:ant.base.ant:Read data: [a4 0e 4e 00 04 ff 2e e2 29 e6 83 43 80 9a 0d 78 d1 62] (now have [a4 0e 4e 00 04 ff 2e e2 29 e6 83 43 80 9a 0d 78 d1 62] in buffer)
DEBUG:ant.base.ant:No new data this period
DEBUG:ant.base.ant:Got broadcast data, examine queue to see if we should send anything back
DEBUG:ant.base.ant: - no messages in queue
DEBUG:ant.base.ant:Read data: [a4 0e 4e 00 04 ff 29 e6 c9 e9 84 43 80 9a 0d 78 d1 89] (now have [a4 0e 4e 00 04 ff 29 e6 c9 e9 84 43 80 9a 0d 78 d1 89] in buffer)
DEBUG:ant.base.ant:Got broadcast data, examine queue to see if we should send anything back
DEBUG:ant.base.ant: - no messages in queue
DEBUG:ant.base.ant:Read data: [a4 0e 4e 00 84 ff 29 e6 c9 e9 84 43 80 9a 0d 78 d1 09] (now have [a4 0e 4e 00 84 ff 29 e6 c9 e9 84 43 80 9a 0d 78 d1 09] in buffer)
DEBUG:ant.base.ant:Got broadcast data, examine queue to see if we should send anything back
DEBUG:ant.base.ant: - no messages in queue
DEBUG:ant.base.ant:Read data: [a4 0e 4e 00 84 ff 29 e6 c9 e9 84 43 80 9a 0d 78 d1 09] (now have [a4 0e 4e 00 84 ff 29 e6 c9 e9 84 43 80 9a 0d 78 d1 09] in buffer)
DEBUG:ant.base.ant:No new data this period
DEBUG:ant.base.ant:Got broadcast data, examine queue to see if we should send anything back
DEBUG:ant.base.ant: - no messages in queue
DEBUG:ant.base.ant:Read data: [a4 0e 4e 00 84 ff 29 e6 c9 e9 84 43 80 9a 0d 78 d1 09] (now have [a4 0e 4e 00 84 ff 29 e6 c9 e9 84 43 80 9a 0d 78 d1 09] in buffer)
DEBUG:ant.base.ant:No new data this period
DEBUG:ant.base.ant:Got broadcast data, examine queue to see if we should send anything back
DEBUG:ant.base.ant: - no messages in queue
DEBUG:ant.base.ant:Read data: [a4 0e 4e 00 84 ff c9 e9 26 ed 85 44 80 9a 0d 78 d1 0b] (now have [a4 0e 4e 00 84 ff c9 e9 26 ed 85 44 80 9a 0d 78 d1 0b] in buffer)
DEBUG:ant.base.ant:Got broadcast data, examine queue to see if we should send anything back
DEBUG:ant.base.ant: - no messages in queue
DEBUG:ant.base.ant:Read data: [a4 0e 4e 00 04 ff c9 e9 26 ed 85 44 80 9a 0d 78 d1 8b] (now have [a4 0e 4e 00 04 ff c9 e9 26 ed 85 44 80 9a 0d 78 d1 8b] in buffer)
DEBUG:ant.base.ant:Got broadcast data, examine queue to see if we should send anything back
DEBUG:ant.base.ant: - no messages in queue
DEBUG:ant.base.ant:Read data: [a4 0e 4e 00 04 ff c9 e9 26 ed 85 44 80 9a 0d 78 d1 8b] (now have [a4 0e 4e 00 04 ff c9 e9 26 ed 85 44 80 9a 0d 78 d1 8b] in buffer)
DEBUG:ant.base.ant:No new data this period
DEBUG:ant.base.ant:Got broadcast data, examine queue to see if we should send anything back
DEBUG:ant.base.ant: - no messages in queue
DEBUG:ant.base.ant:Read data: [a4 0e 4e 00 04 ff 26 ed 90 f0 86 44 80 9a 0d 78 d1 c8] (now have [a4 0e 4e 00 04 ff 26 ed 90 f0 86 44 80 9a 0d 78 d1 c8] in buffer)
DEBUG:ant.base.ant:Got broadcast data, examine queue to see if we should send anything back
DEBUG:ant.base.ant: - no messages in queue
DEBUG:ant.base.ant:Read data: [a4 0e 4e 00 84 ff 26 ed 90 f0 86 44 80 9a 0d 78 d1 48] (now have [a4 0e 4e 00 84 ff 26 ed 90 f0 86 44 80 9a 0d 78 d1 48] in buffer)
DEBUG:ant.base.ant:Got broadcast data, examine queue to see if we should send anything back
DEBUG:ant.base.ant: - no messages in queue
DEBUG:ant.base.ant:Read data: [a4 0e 4e 00 84 ff 26 ed 90 f0 86 44 80 9a 0d 78 d1 48] (now have [a4 0e 4e 00 84 ff 26 ed 90 f0 86 44 80 9a 0d 78 d1 48] in buffer)
DEBUG:ant.base.ant:No new data this period
DEBUG:ant.base.ant:Got broadcast data, examine queue to see if we should send anything back
DEBUG:ant.base.ant: - no messages in queue
DEBUG:ant.base.ant:Read data: [a4 0e 4e 00 84 ff 90 f0 63 f4 87 43 80 9a 0d 78 d1 12] (now have [a4 0e 4e 00 84 ff 90 f0 63 f4 87 43 80 9a 0d 78 d1 12] in buffer)
DEBUG:ant.base.ant:Got broadcast data, examine queue to see if we should send anything back
DEBUG:ant.base.ant: - no messages in queue
DEBUG:ant.base.ant:Read data: [a4 0e 4e 00 84 ff 90 f0 63 f4 87 43 80 9a 0d 78 d1 12] (now have [a4 0e 4e 00 84 ff 90 f0 63 f4 87 43 80 9a 0d 78 d1 12] in buffer)
DEBUG:ant.base.ant:No new data this period
DEBUG:ant.base.ant:Got broadcast data, examine queue to see if we should send anything back
DEBUG:ant.base.ant: - no messages in queue
DEBUG:ant.base.ant:Read data: [a4 0e 4e 00 04 ff 90 f0 63 f4 87 43 80 9a 0d 78 d1 92] (now have [a4 0e 4e 00 04 ff 90 f0 63 f4 87 43 80 9a 0d 78 d1 92] in buffer)
DEBUG:ant.base.ant:Got broadcast data, examine queue to see if we should send anything back
DEBUG:ant.base.ant: - no messages in queue
DEBUG:ant.base.ant:Read data: [a4 0e 4e 00 04 ff 90 f0 63 f4 87 43 80 9a 0d 78 d1 92] (now have [a4 0e 4e 00 04 ff 90 f0 63 f4 87 43 80 9a 0d 78 d1 92] in buffer)
DEBUG:ant.base.ant:No new data this period
DEBUG:ant.base.ant:Got broadcast data, examine queue to see if we should send anything back
DEBUG:ant.base.ant: - no messages in queue
DEBUG:ant.base.ant:Read data: [a4 0e 4e 00 04 ff 90 f0 63 f4 87 43 80 9a 0d 78 d1 92] (now have [a4 0e 4e 00 04 ff 90 f0 63 f4 87 43 80 9a 0d 78 d1 92] in buffer)
DEBUG:ant.base.ant:No new data this period
DEBUG:ant.base.ant:Got broadcast data, examine queue to see if we should send anything back
DEBUG:ant.base.ant: - no messages in queue
DEBUG:ant.base.ant:Read data: [a4 0e 4e 00 04 ff 63 f4 cb f8 87 43 80 9a 0d 78 d1 c1] (now have [a4 0e 4e 00 04 ff 63 f4 cb f8 87 43 80 9a 0d 78 d1 c1] in buffer)
DEBUG:ant.base.ant:Got broadcast data, examine queue to see if we should send anything back
DEBUG:ant.base.ant: - no messages in queue
DEBUG:ant.base.ant:Read data: [a4 0e 4e 00 84 ff 63 f4 cb f8 87 43 80 9a 0d 78 d1 41] (now have [a4 0e 4e 00 84 ff 63 f4 cb f8 87 43 80 9a 0d 78 d1 41] in buffer)
DEBUG:ant.base.ant:Got broadcast data, examine queue to see if we should send anything back
DEBUG:ant.base.ant: - no messages in queue
DEBUG:ant.base.ant:Read data: [a4 0e 4e 00 84 ff 63 f4 cb f8 87 43 80 9a 0d 78 d1 41] (now have [a4 0e 4e 00 84 ff 63 f4 cb f8 87 43 80 9a 0d 78 d1 41] in buffer)
DEBUG:ant.base.ant:No new data this period
DEBUG:ant.base.ant:Got broadcast data, examine queue to see if we should send anything back
DEBUG:ant.base.ant: - no messages in queue
DEBUG:ant.base.ant:Read data: [a4 0e 4e 00 84 ff 63 f4 cb f8 87 43 80 9a 0d 78 d1 41] (now have [a4 0e 4e 00 84 ff 63 f4 cb f8 87 43 80 9a 0d 78 d1 41] in buffer)
DEBUG:ant.base.ant:No new data this period
DEBUG:ant.base.ant:Got broadcast data, examine queue to see if we should send anything back
DEBUG:ant.base.ant: - no messages in queue
DEBUG:ant.base.ant:Read data: [a4 0e 4e 00 84 ff cb f8 66 fd 87 43 80 9a 0d 78 d1 4d] (now have [a4 0e 4e 00 84 ff cb f8 66 fd 87 43 80 9a 0d 78 d1 4d] in buffer)
DEBUG:ant.base.ant:Got broadcast data, examine queue to see if we should send anything back
DEBUG:ant.base.ant: - no messages in queue
DEBUG:ant.base.ant:Read data: [a4 0e 4e 00 04 ff cb f8 66 fd 87 43 80 9a 0d 78 d1 cd] (now have [a4 0e 4e 00 04 ff cb f8 66 fd 87 43 80 9a 0d 78 d1 cd] in buffer)
DEBUG:ant.base.ant:Got broadcast data, examine queue to see if we should send anything back
DEBUG:ant.base.ant: - no messages in queue
DEBUG:ant.base.ant:Read data: [a4 0e 4e 00 04 ff cb f8 66 fd 87 43 80 9a 0d 78 d1 cd] (now have [a4 0e 4e 00 04 ff cb f8 66 fd 87 43 80 9a 0d 78 d1 cd] in buffer)
DEBUG:ant.base.ant:No new data this period
DEBUG:ant.base.ant:Got broadcast data, examine queue to see if we should send anything back
DEBUG:ant.base.ant: - no messages in queue
DEBUG:ant.base.ant:Read data: [a4 0e 4e 00 04 ff cb f8 66 fd 87 43 80 9a 0d 78 d1 cd] (now have [a4 0e 4e 00 04 ff cb f8 66 fd 87 43 80 9a 0d 78 d1 cd] in buffer)
DEBUG:ant.base.ant:No new data this period
DEBUG:ant.base.ant:Got broadcast data, examine queue to see if we should send anything back
DEBUG:ant.base.ant: - no messages in queue
DEBUG:ant.base.ant:Read data: [a4 0e 4e 00 04 ff cb f8 66 fd 87 43 80 9a 0d 78 d1 cd] (now have [a4 0e 4e 00 04 ff cb f8 66 fd 87 43 80 9a 0d 78 d1 cd] in buffer)
DEBUG:ant.base.ant:No new data this period
DEBUG:ant.base.ant:Got broadcast data, examine queue to see if we should send anything back
DEBUG:ant.base.ant: - no messages in queue
DEBUG:ant.base.ant:Read data: [a4 0e 4e 00 84 ff 66 fd d6 01 87 43 80 9a 0d 78 d1 a9] (now have [a4 0e 4e 00 84 ff 66 fd d6 01 87 43 80 9a 0d 78 d1 a9] in buffer)
DEBUG:ant.base.ant:Got broadcast data, examine queue to see if we should send anything back
DEBUG:ant.base.ant: - no messages in queue
DEBUG:ant.base.ant:Read data: [a4 0e 4e 00 84 ff 66 fd d6 01 87 43 80 9a 0d 78 d1 a9] (now have [a4 0e 4e 00 84 ff 66 fd d6 01 87 43 80 9a 0d 78 d1 a9] in buffer)
DEBUG:ant.base.ant:No new data this period
DEBUG:ant.base.ant:Got broadcast data, examine queue to see if we should send anything back
DEBUG:ant.base.ant: - no messages in queue
DEBUG:ant.base.ant:Read data: [a4 0e 4e 00 84 ff 66 fd d6 01 87 43 80 9a 0d 78 d1 a9] (now have [a4 0e 4e 00 84 ff 66 fd d6 01 87 43 80 9a 0d 78 d1 a9] in buffer)
DEBUG:ant.base.ant:No new data this period
DEBUG:ant.base.ant:Got broadcast data, examine queue to see if we should send anything back
DEBUG:ant.base.ant: - no messages in queue
DEBUG:ant.base.ant:Read data: [a4 0e 4e 00 84 ff 66 fd d6 01 87 43 80 9a 0d 78 d1 a9] (now have [a4 0e 4e 00 84 ff 66 fd d6 01 87 43 80 9a 0d 78 d1 a9] in buffer)
DEBUG:ant.base.ant:No new data this period
DEBUG:ant.base.ant:Got broadcast data, examine queue to see if we should send anything back
DEBUG:ant.base.ant: - no messages in queue
DEBUG:ant.base.ant:Read data: [a4 0e 4e 00 04 ff d6 01 d8 05 88 42 80 9a 0d 78 d1 61] (now have [a4 0e 4e 00 04 ff d6 01 d8 05 88 42 80 9a 0d 78 d1 61] in buffer)
DEBUG:ant.base.ant:Got broadcast data, examine queue to see if we should send anything back
DEBUG:ant.base.ant: - no messages in queue
DEBUG:ant.base.ant:Read data: [a4 0e 4e 00 04 ff d6 01 d8 05 88 42 80 9a 0d 78 d1 61] (now have [a4 0e 4e 00 04 ff d6 01 d8 05 88 42 80 9a 0d 78 d1 61] in buffer)
DEBUG:ant.base.ant:No new data this period
DEBUG:ant.base.ant:Got broadcast data, examine queue to see if we should send anything back
DEBUG:ant.base.ant: - no messages in queue
DEBUG:ant.base.ant:Read data: [a4 0e 4e 00 04 ff d6 01 d8 05 88 42 80 9a 0d 78 d1 61] (now have [a4 0e 4e 00 04 ff d6 01 d8 05 88 42 80 9a 0d 78 d1 61] in buffer)
DEBUG:ant.base.ant:No new data this period
DEBUG:ant.base.ant:Got broadcast data, examine queue to see if we should send anything back
DEBUG:ant.base.ant: - no messages in queue
DEBUG:ant.base.ant:Read data: [a4 0e 4e 00 84 ff d8 05 73 09 89 42 80 9a 0d 78 d1 4d] (now have [a4 0e 4e 00 84 ff d8 05 73 09 89 42 80 9a 0d 78 d1 4d] in buffer)
DEBUG:ant.base.ant:Got broadcast data, examine queue to see if we should send anything back
DEBUG:ant.base.ant: - no messages in queue
DEBUG:ant.base.ant:Read data: [a4 0e 4e 00 84 ff d8 05 73 09 89 42 80 9a 0d 78 d1 4d] (now have [a4 0e 4e 00 84 ff d8 05 73 09 89 42 80 9a 0d 78 d1 4d] in buffer)
DEBUG:ant.base.ant:No new data this period
DEBUG:ant.base.ant:Got broadcast data, examine queue to see if we should send anything back
DEBUG:ant.base.ant: - no messages in queue
DEBUG:ant.base.ant:Read data: [a4 0e 4e 00 84 ff d8 05 73 09 89 42 80 9a 0d 78 d1 4d] (now have [a4 0e 4e 00 84 ff d8 05 73 09 89 42 80 9a 0d 78 d1 4d] in buffer)
DEBUG:ant.base.ant:No new data this period
DEBUG:ant.base.ant:Got broadcast data, examine queue to see if we should send anything back
DEBUG:ant.base.ant: - no messages in queue
DEBUG:ant.base.ant:Read data: [a4 0e 4e 00 84 ff 73 09 37 0d 8a 42 80 9a 0d 78 d1 a9] (now have [a4 0e 4e 00 84 ff 73 09 37 0d 8a 42 80 9a 0d 78 d1 a9] in buffer)
DEBUG:ant.base.ant:Got broadcast data, examine queue to see if we should send anything back
DEBUG:ant.base.ant: - no messages in queue
DEBUG:ant.base.ant:Read data: [a4 0e 4e 00 04 ff 73 09 37 0d 8a 42 80 9a 0d 78 d1 29] (now have [a4 0e 4e 00 04 ff 73 09 37 0d 8a 42 80 9a 0d 78 d1 29] in buffer)
DEBUG:ant.base.ant:Got broadcast data, examine queue to see if we should send anything back
DEBUG:ant.base.ant: - no messages in queue
DEBUG:ant.base.ant:Read data: [a4 0e 4e 00 04 ff 73 09 37 0d 8a 42 80 9a 0d 78 d1 29] (now have [a4 0e 4e 00 04 ff 73 09 37 0d 8a 42 80 9a 0d 78 d1 29] in buffer)
DEBUG:ant.base.ant:No new data this period
DEBUG:ant.base.ant:Got broadcast data, examine queue to see if we should send anything back
DEBUG:ant.base.ant: - no messages in queue
DEBUG:ant.base.ant:Read data: [a4 0e 4e 00 04 ff 73 09 37 0d 8a 42 80 9a 0d 78 d1 29] (now have [a4 0e 4e 00 04 ff 73 09 37 0d 8a 42 80 9a 0d 78 d1 29] in buffer)
DEBUG:ant.base.ant:No new data this period
DEBUG:ant.base.ant:Got broadcast data, examine queue to see if we should send anything back
DEBUG:ant.base.ant: - no messages in queue
DEBUG:ant.base.ant:Read data: [a4 0e 4e 00 04 ff 73 09 37 0d 8a 42 80 9a 0d 78 d1 29] (now have [a4 0e 4e 00 04 ff 73 09 37 0d 8a 42 80 9a 0d 78 d1 29] in buffer)
DEBUG:ant.base.ant:No new data this period
DEBUG:ant.base.ant:Got broadcast data, examine queue to see if we should send anything back
DEBUG:ant.base.ant: - no messages in queue
DEBUG:ant.base.ant:Read data: [a4 0e 4e 00 82 01 1d c6 59 11 8b 41 80 9a 0d 78 d1 80] (now have [a4 0e 4e 00 82 01 1d c6 59 11 8b 41 80 9a 0d 78 d1 80] in buffer)
DEBUG:ant.base.ant:Got broadcast data, examine queue to see if we should send anything back
DEBUG:ant.base.ant: - no messages in queue
DEBUG:ant.base.ant:Read data: [a4 0e 4e 00 82 01 1d c6 59 11 8b 41 80 9a 0d 78 d1 80] (now have [a4 0e 4e 00 82 01 1d c6 59 11 8b 41 80 9a 0d 78 d1 80] in buffer)
DEBUG:ant.base.ant:No new data this period
DEBUG:ant.base.ant:Got broadcast data, examine queue to see if we should send anything back
DEBUG:ant.base.ant: - no messages in queue
DEBUG:ant.base.ant:Read data: [a4 0e 4e 00 82 01 1d c6 59 11 8b 41 80 9a 0d 78 d1 80] (now have [a4 0e 4e 00 82 01 1d c6 59 11 8b 41 80 9a 0d 78 d1 80] in buffer)
DEBUG:ant.base.ant:No new data this period
DEBUG:ant.base.ant:Got broadcast data, examine queue to see if we should send anything back
DEBUG:ant.base.ant: - no messages in queue
DEBUG:ant.base.ant:Read data: [a4 0e 4e 00 82 01 1d c6 59 11 8b 41 80 9a 0d 78 d1 80] (now have [a4 0e 4e 00 82 01 1d c6 59 11 8b 41 80 9a 0d 78 d1 80] in buffer)
DEBUG:ant.base.ant:No new data this period
DEBUG:ant.base.ant:Got broadcast data, examine queue to see if we should send anything back
DEBUG:ant.base.ant: - no messages in queue
DEBUG:ant.base.ant:Read data: [a4 0e 4e 00 04 ff 59 11 bd 15 8c 3f 80 9a 0d 78 d1 f2] (now have [a4 0e 4e 00 04 ff 59 11 bd 15 8c 3f 80 9a 0d 78 d1 f2] in buffer)
DEBUG:ant.base.ant:Got broadcast data, examine queue to see if we should send anything back
DEBUG:ant.base.ant: - no messages in queue
DEBUG:ant.base.ant:Read data: [a4 0e 4e 00 04 ff 59 11 bd 15 8c 3f 80 9a 0d 78 d1 f2] (now have [a4 0e 4e 00 04 ff 59 11 bd 15 8c 3f 80 9a 0d 78 d1 f2] in buffer)
DEBUG:ant.base.ant:No new data this period
DEBUG:ant.base.ant:Got broadcast data, examine queue to see if we should send anything back
DEBUG:ant.base.ant: - no messages in queue
DEBUG:ant.base.ant:Read data: [a4 0e 4e 00 04 ff 59 11 bd 15 8c 3f 80 9a 0d 78 d1 f2] (now have [a4 0e 4e 00 04 ff 59 11 bd 15 8c 3f 80 9a 0d 78 d1 f2] in buffer)
DEBUG:ant.base.ant:No new data this period
DEBUG:ant.base.ant:Got broadcast data, examine queue to see if we should send anything back
DEBUG:ant.base.ant: - no messages in queue
DEBUG:ant.base.ant:Read data: [a4 0e 4e 00 04 ff 59 11 bd 15 8c 3f 80 9a 0d 78 d1 f2] (now have [a4 0e 4e 00 04 ff 59 11 bd 15 8c 3f 80 9a 0d 78 d1 f2] in buffer)
DEBUG:ant.base.ant:No new data this period
DEBUG:ant.base.ant:Got broadcast data, examine queue to see if we should send anything back
DEBUG:ant.base.ant: - no messages in queue
DEBUG:ant.base.ant:Read data: [a4 0e 4e 00 84 ff 59 11 bd 15 8c 3f 80 9a 0d 78 d1 72] (now have [a4 0e 4e 00 84 ff 59 11 bd 15 8c 3f 80 9a 0d 78 d1 72] in buffer)
DEBUG:ant.base.ant:Got broadcast data, examine queue to see if we should send anything back
DEBUG:ant.base.ant: - no messages in queue
DEBUG:ant.base.ant:Read data: [a4 0e 4e 00 84 ff bd 15 32 1a 8d 3e 80 9a 0d 78 d1 12] (now have [a4 0e 4e 00 84 ff bd 15 32 1a 8d 3e 80 9a 0d 78 d1 12] in buffer)
DEBUG:ant.base.ant:Got broadcast data, examine queue to see if we should send anything back
DEBUG:ant.base.ant: - no messages in queue
DEBUG:ant.base.ant:Read data: [a4 0e 4e 00 84 ff bd 15 32 1a 8d 3e 80 9a 0d 78 d1 12] (now have [a4 0e 4e 00 84 ff bd 15 32 1a 8d 3e 80 9a 0d 78 d1 12] in buffer)
DEBUG:ant.base.ant:No new data this period
DEBUG:ant.base.ant:Got broadcast data, examine queue to see if we should send anything back
DEBUG:ant.base.ant: - no messages in queue
DEBUG:ant.base.ant:Read data: [a4 0e 4e 00 84 ff bd 15 32 1a 8d 3e 80 9a 0d 78 d1 12] (now have [a4 0e 4e 00 84 ff bd 15 32 1a 8d 3e 80 9a 0d 78 d1 12] in buffer)
DEBUG:ant.base.ant:No new data this period
DEBUG:ant.base.ant:Got broadcast data, examine queue to see if we should send anything back
DEBUG:ant.base.ant: - no messages in queue
DEBUG:ant.base.ant:Read data: [a4 0e 4e 00 04 ff bd 15 32 1a 8d 3e 80 9a 0d 78 d1 92] (now have [a4 0e 4e 00 04 ff bd 15 32 1a 8d 3e 80 9a 0d 78 d1 92] in buffer)
DEBUG:ant.base.ant:Got broadcast data, examine queue to see if we should send anything back
DEBUG:ant.base.ant: - no messages in queue
DEBUG:ant.base.ant:Read data: [a4 0e 4e 00 04 ff 32 1a 3e 1e 8e 3e 80 9a 0d 78 d1 19] (now have [a4 0e 4e 00 04 ff 32 1a 3e 1e 8e 3e 80 9a 0d 78 d1 19] in buffer)
DEBUG:ant.base.ant:Got broadcast data, examine queue to see if we should send anything back
DEBUG:ant.base.ant: - no messages in queue
DEBUG:ant.base.ant:Read data: [a4 0e 4e 00 04 ff 32 1a 3e 1e 8e 3e 80 9a 0d 78 d1 19] (now have [a4 0e 4e 00 04 ff 32 1a 3e 1e 8e 3e 80 9a 0d 78 d1 19] in buffer)
DEBUG:ant.base.ant:No new data this period
DEBUG:ant.base.ant:Got broadcast data, examine queue to see if we should send anything back
DEBUG:ant.base.ant: - no messages in queue
DEBUG:ant.base.ant:Read data: [a4 0e 4e 00 04 ff 32 1a 3e 1e 8e 3e 80 9a 0d 78 d1 19] (now have [a4 0e 4e 00 04 ff 32 1a 3e 1e 8e 3e 80 9a 0d 78 d1 19] in buffer)
DEBUG:ant.base.ant:No new data this period
DEBUG:ant.base.ant:Got broadcast data, examine queue to see if we should send anything back
DEBUG:ant.base.ant: - no messages in queue
DEBUG:ant.base.ant:Read data: [a4 0e 4e 00 84 ff 32 1a 3e 1e 8e 3e 80 9a 0d 78 d1 99] (now have [a4 0e 4e 00 84 ff 32 1a 3e 1e 8e 3e 80 9a 0d 78 d1 99] in buffer)
DEBUG:ant.base.ant:Got broadcast data, examine queue to see if we should send anything back
DEBUG:ant.base.ant: - no messages in queue
DEBUG:ant.base.ant:Read data: [a4 0e 4e 00 84 ff 3e 1e 17 22 8f 3e 80 9a 0d 78 d1 85] (now have [a4 0e 4e 00 84 ff 3e 1e 17 22 8f 3e 80 9a 0d 78 d1 85] in buffer)
DEBUG:ant.base.ant:Got broadcast data, examine queue to see if we should send anything back
DEBUG:ant.base.ant: - no messages in queue
DEBUG:ant.base.ant:Read data: [a4 0e 4e 00 84 ff 3e 1e 17 22 8f 3e 80 9a 0d 78 d1 85] (now have [a4 0e 4e 00 84 ff 3e 1e 17 22 8f 3e 80 9a 0d 78 d1 85] in buffer)
DEBUG:ant.base.ant:No new data this period
DEBUG:ant.base.ant:Got broadcast data, examine queue to see if we should send anything back
DEBUG:ant.base.ant: - no messages in queue
DEBUG:ant.base.ant:Read data: [a4 0e 4e 00 84 ff 3e 1e 17 22 8f 3e 80 9a 0d 78 d1 85] (now have [a4 0e 4e 00 84 ff 3e 1e 17 22 8f 3e 80 9a 0d 78 d1 85] in buffer)
DEBUG:ant.base.ant:No new data this period
DEBUG:ant.base.ant:Got broadcast data, examine queue to see if we should send anything back
DEBUG:ant.base.ant: - no messages in queue
DEBUG:ant.base.ant:Read data: [a4 0e 4e 00 04 ff 3e 1e 17 22 8f 3e 80 9a 0d 78 d1 05] (now have [a4 0e 4e 00 04 ff 3e 1e 17 22 8f 3e 80 9a 0d 78 d1 05] in buffer)
DEBUG:ant.base.ant:Got broadcast data, examine queue to see if we should send anything back
DEBUG:ant.base.ant: - no messages in queue
DEBUG:ant.base.ant:Read data: [a4 0e 4e 00 04 ff 17 22 1e 26 90 3d 80 9a 0d 78 d1 01] (now have [a4 0e 4e 00 04 ff 17 22 1e 26 90 3d 80 9a 0d 78 d1 01] in buffer)
DEBUG:ant.base.ant:Got broadcast data, examine queue to see if we should send anything back
DEBUG:ant.base.ant: - no messages in queue
DEBUG:ant.base.ant:Read data: [a4 0e 4e 00 04 ff 17 22 1e 26 90 3d 80 9a 0d 78 d1 01] (now have [a4 0e 4e 00 04 ff 17 22 1e 26 90 3d 80 9a 0d 78 d1 01] in buffer)
DEBUG:ant.base.ant:No new data this period
DEBUG:ant.base.ant:Got broadcast data, examine queue to see if we should send anything back
DEBUG:ant.base.ant: - no messages in queue
DEBUG:ant.base.ant:Read data: [a4 0e 4e 00 84 ff 17 22 1e 26 90 3d 80 9a 0d 78 d1 81] (now have [a4 0e 4e 00 84 ff 17 22 1e 26 90 3d 80 9a 0d 78 d1 81] in buffer)
DEBUG:ant.base.ant:Got broadcast data, examine queue to see if we should send anything back
DEBUG:ant.base.ant: - no messages in queue
DEBUG:ant.base.ant:Read data: [a4 0e 4e 00 84 ff 1e 26 42 2a 91 3d 80 9a 0d 78 d1 dd] (now have [a4 0e 4e 00 84 ff 1e 26 42 2a 91 3d 80 9a 0d 78 d1 dd] in buffer)
DEBUG:ant.base.ant:Got broadcast data, examine queue to see if we should send anything back
DEBUG:ant.base.ant: - no messages in queue
DEBUG:ant.base.ant:Read data: [a4 0e 4e 00 84 ff 1e 26 42 2a 91 3d 80 9a 0d 78 d1 dd] (now have [a4 0e 4e 00 84 ff 1e 26 42 2a 91 3d 80 9a 0d 78 d1 dd] in buffer)
DEBUG:ant.base.ant:No new data this period
DEBUG:ant.base.ant:Got broadcast data, examine queue to see if we should send anything back
DEBUG:ant.base.ant: - no messages in queue
DEBUG:ant.base.ant:Read data: [a4 0e 4e 00 84 ff 1e 26 42 2a 91 3d 80 9a 0d 78 d1 dd] (now have [a4 0e 4e 00 84 ff 1e 26 42 2a 91 3d 80 9a 0d 78 d1 dd] in buffer)
DEBUG:ant.base.ant:No new data this period
DEBUG:ant.base.ant:Got broadcast data, examine queue to see if we should send anything back
DEBUG:ant.base.ant: - no messages in queue
DEBUG:ant.base.ant:Read data: [a4 0e 4e 00 04 ff 1e 26 42 2a 91 3d 80 9a 0d 78 d1 5d] (now have [a4 0e 4e 00 04 ff 1e 26 42 2a 91 3d 80 9a 0d 78 d1 5d] in buffer)
DEBUG:ant.base.ant:Got broadcast data, examine queue to see if we should send anything back
DEBUG:ant.base.ant: - no messages in queue
DEBUG:ant.base.ant:Read data: [a4 0e 4e 00 04 ff 42 2a 5a 2e 92 3d 80 9a 0d 78 d1 12] (now have [a4 0e 4e 00 04 ff 42 2a 5a 2e 92 3d 80 9a 0d 78 d1 12] in buffer)
DEBUG:ant.base.ant:Got broadcast data, examine queue to see if we should send anything back
DEBUG:ant.base.ant: - no messages in queue
DEBUG:ant.base.ant:Read data: [a4 0e 4e 00 04 ff 42 2a 5a 2e 92 3d 80 9a 0d 78 d1 12] (now have [a4 0e 4e 00 04 ff 42 2a 5a 2e 92 3d 80 9a 0d 78 d1 12] in buffer)
DEBUG:ant.base.ant:No new data this period
DEBUG:ant.base.ant:Got broadcast data, examine queue to see if we should send anything back
DEBUG:ant.base.ant: - no messages in queue
DEBUG:ant.base.ant:Read data: [a4 0e 4e 00 04 ff 42 2a 5a 2e 92 3d 80 9a 0d 78 d1 12] (now have [a4 0e 4e 00 04 ff 42 2a 5a 2e 92 3d 80 9a 0d 78 d1 12] in buffer)
DEBUG:ant.base.ant:No new data this period
DEBUG:ant.base.ant:Got broadcast data, examine queue to see if we should send anything back
DEBUG:ant.base.ant: - no messages in queue
DEBUG:ant.base.ant:Read data: [a4 0e 4e 00 84 ff 42 2a 5a 2e 92 3d 80 9a 0d 78 d1 92] (now have [a4 0e 4e 00 84 ff 42 2a 5a 2e 92 3d 80 9a 0d 78 d1 92] in buffer)
DEBUG:ant.base.ant:Got broadcast data, examine queue to see if we should send anything back
DEBUG:ant.base.ant: - no messages in queue
DEBUG:ant.base.ant:Read data: [a4 0e 4e 00 84 ff 5a 2e 57 32 93 3c 80 9a 0d 78 d1 9f] (now have [a4 0e 4e 00 84 ff 5a 2e 57 32 93 3c 80 9a 0d 78 d1 9f] in buffer)
DEBUG:ant.base.ant:Got broadcast data, examine queue to see if we should send anything back
DEBUG:ant.base.ant: - no messages in queue
DEBUG:ant.base.ant:Read data: [a4 0e 4e 00 84 ff 5a 2e 57 32 93 3c 80 9a 0d 78 d1 9f] (now have [a4 0e 4e 00 84 ff 5a 2e 57 32 93 3c 80 9a 0d 78 d1 9f] in buffer)
DEBUG:ant.base.ant:No new data this period
DEBUG:ant.base.ant:Got broadcast data, examine queue to see if we should send anything back
DEBUG:ant.base.ant: - no messages in queue
DEBUG:ant.base.ant:Read data: [a4 0e 4e 00 84 ff 5a 2e 57 32 93 3c 80 9a 0d 78 d1 9f] (now have [a4 0e 4e 00 84 ff 5a 2e 57 32 93 3c 80 9a 0d 78 d1 9f] in buffer)
DEBUG:ant.base.ant:No new data this period
DEBUG:ant.base.ant:Got broadcast data, examine queue to see if we should send anything back
DEBUG:ant.base.ant: - no messages in queue
DEBUG:ant.base.ant:Read data: [a4 0e 4e 00 04 ff 5a 2e 57 32 93 3c 80 9a 0d 78 d1 1f] (now have [a4 0e 4e 00 04 ff 5a 2e 57 32 93 3c 80 9a 0d 78 d1 1f] in buffer)
DEBUG:ant.base.ant:Got broadcast data, examine queue to see if we should send anything back
DEBUG:ant.base.ant: - no messages in queue
DEBUG:ant.base.ant:Read data: [a4 0e 4e 00 04 ff 57 32 f7 35 94 3d 80 9a 0d 78 d1 af] (now have [a4 0e 4e 00 04 ff 57 32 f7 35 94 3d 80 9a 0d 78 d1 af] in buffer)
DEBUG:ant.base.ant:Got broadcast data, examine queue to see if we should send anything back
DEBUG:ant.base.ant: - no messages in queue
DEBUG:ant.base.ant:Read data: [a4 0e 4e 00 04 ff 57 32 f7 35 94 3d 80 9a 0d 78 d1 af] (now have [a4 0e 4e 00 04 ff 57 32 f7 35 94 3d 80 9a 0d 78 d1 af] in buffer)
DEBUG:ant.base.ant:No new data this period
DEBUG:ant.base.ant:Got broadcast data, examine queue to see if we should send anything back
DEBUG:ant.base.ant: - no messages in queue
DEBUG:ant.base.ant:Read data: [a4 0e 4e 00 04 ff 57 32 f7 35 94 3d 80 9a 0d 78 d1 af] (now have [a4 0e 4e 00 04 ff 57 32 f7 35 94 3d 80 9a 0d 78 d1 af] in buffer)
DEBUG:ant.base.ant:No new data this period
DEBUG:ant.base.ant:Got broadcast data, examine queue to see if we should send anything back
DEBUG:ant.base.ant: - no messages in queue
DEBUG:ant.base.ant:Read data: [a4 0e 4e 00 84 ff f7 35 7a 39 95 3e 80 9a 0d 78 d1 0b] (now have [a4 0e 4e 00 84 ff f7 35 7a 39 95 3e 80 9a 0d 78 d1 0b] in buffer)
DEBUG:ant.base.ant:Got broadcast data, examine queue to see if we should send anything back
DEBUG:ant.base.ant: - no messages in queue
DEBUG:ant.base.ant:Read data: [a4 0e 4e 00 84 ff f7 35 7a 39 95 3e 80 9a 0d 78 d1 0b] (now have [a4 0e 4e 00 84 ff f7 35 7a 39 95 3e 80 9a 0d 78 d1 0b] in buffer)
DEBUG:ant.base.ant:No new data this period
DEBUG:ant.base.ant:Got broadcast data, examine queue to see if we should send anything back
DEBUG:ant.base.ant: - no messages in queue
DEBUG:ant.base.ant:Read data: [a4 0e 4e 00 84 ff f7 35 7a 39 95 3e 80 9a 0d 78 d1 0b] (now have [a4 0e 4e 00 84 ff f7 35 7a 39 95 3e 80 9a 0d 78 d1 0b] in buffer)
DEBUG:ant.base.ant:No new data this period
DEBUG:ant.base.ant:Got broadcast data, examine queue to see if we should send anything back
DEBUG:ant.base.ant: - no messages in queue
DEBUG:ant.base.ant:Read data: [a4 0e 4e 00 04 ff 7a 39 6c 3d 96 3e 80 9a 0d 78 d1 1b] (now have [a4 0e 4e 00 04 ff 7a 39 6c 3d 96 3e 80 9a 0d 78 d1 1b] in buffer)
DEBUG:ant.base.ant:Got broadcast data, examine queue to see if we should send anything back
DEBUG:ant.base.ant: - no messages in queue
DEBUG:ant.base.ant:Read data: [a4 0e 4e 00 04 ff 7a 39 6c 3d 96 3e 80 9a 0d 78 d1 1b] (now have [a4 0e 4e 00 04 ff 7a 39 6c 3d 96 3e 80 9a 0d 78 d1 1b] in buffer)
DEBUG:ant.base.ant:No new data this period
DEBUG:ant.base.ant:Got broadcast data, examine queue to see if we should send anything back
DEBUG:ant.base.ant: - no messages in queue
DEBUG:ant.base.ant:Read data: [a4 0e 4e 00 04 ff 7a 39 6c 3d 96 3e 80 9a 0d 78 d1 1b] (now have [a4 0e 4e 00 04 ff 7a 39 6c 3d 96 3e 80 9a 0d 78 d1 1b] in buffer)
DEBUG:ant.base.ant:No new data this period
DEBUG:ant.base.ant:Got broadcast data, examine queue to see if we should send anything back
DEBUG:ant.base.ant: - no messages in queue
DEBUG:ant.base.ant:Read data: [a4 0e 4e 00 04 ff 7a 39 6c 3d 96 3e 80 9a 0d 78 d1 1b] (now have [a4 0e 4e 00 04 ff 7a 39 6c 3d 96 3e 80 9a 0d 78 d1 1b] in buffer)
DEBUG:ant.base.ant:No new data this period
DEBUG:ant.base.ant:Got broadcast data, examine queue to see if we should send anything back
DEBUG:ant.base.ant: - no messages in queue
DEBUG:ant.base.ant:Read data: [a4 0e 4e 00 84 ff 7a 39 6c 3d 96 3e 80 9a 0d 78 d1 9b] (now have [a4 0e 4e 00 84 ff 7a 39 6c 3d 96 3e 80 9a 0d 78 d1 9b] in buffer)
DEBUG:ant.base.ant:Got broadcast data, examine queue to see if we should send anything back
DEBUG:ant.base.ant: - no messages in queue
DEBUG:ant.base.ant:Read data: [a4 0e 4e 00 84 ff 6c 3d d4 41 97 3e 80 9a 0d 78 d1 4c] (now have [a4 0e 4e 00 84 ff 6c 3d d4 41 97 3e 80 9a 0d 78 d1 4c] in buffer)
DEBUG:ant.base.ant:Got broadcast data, examine queue to see if we should send anything back
DEBUG:ant.base.ant: - no messages in queue
DEBUG:ant.base.ant:Read data: [a4 0e 4e 00 84 ff 6c 3d d4 41 97 3e 80 9a 0d 78 d1 4c] (now have [a4 0e 4e 00 84 ff 6c 3d d4 41 97 3e 80 9a 0d 78 d1 4c] in buffer)
DEBUG:ant.base.ant:No new data this period
DEBUG:ant.base.ant:Got broadcast data, examine queue to see if we should send anything back
DEBUG:ant.base.ant: - no messages in queue
DEBUG:ant.base.ant:Read data: [a4 0e 4e 00 04 ff 6c 3d d4 41 97 3e 80 9a 0d 78 d1 cc] (now have [a4 0e 4e 00 04 ff 6c 3d d4 41 97 3e 80 9a 0d 78 d1 cc] in buffer)
DEBUG:ant.base.ant:Got broadcast data, examine queue to see if we should send anything back
DEBUG:ant.base.ant: - no messages in queue
DEBUG:ant.base.ant:Read data: [a4 0e 4e 00 04 ff 6c 3d d4 41 97 3e 80 9a 0d 78 d1 cc] (now have [a4 0e 4e 00 04 ff 6c 3d d4 41 97 3e 80 9a 0d 78 d1 cc] in buffer)
DEBUG:ant.base.ant:No new data this period
DEBUG:ant.base.ant:Got broadcast data, examine queue to see if we should send anything back
DEBUG:ant.base.ant: - no messages in queue
DEBUG:ant.base.ant:Read data: [a4 0e 4e 00 04 ff d4 41 92 46 98 3c 80 9a 0d 78 d1 44] (now have [a4 0e 4e 00 04 ff d4 41 92 46 98 3c 80 9a 0d 78 d1 44] in buffer)
DEBUG:ant.base.ant:Got broadcast data, examine queue to see if we should send anything back
DEBUG:ant.base.ant: - no messages in queue
DEBUG:ant.base.ant:Read data: [a4 0e 4e 00 04 ff d4 41 92 46 98 3c 80 9a 0d 78 d1 44] (now have [a4 0e 4e 00 04 ff d4 41 92 46 98 3c 80 9a 0d 78 d1 44] in buffer)
DEBUG:ant.base.ant:No new data this period
DEBUG:ant.base.ant:Got broadcast data, examine queue to see if we should send anything back
DEBUG:ant.base.ant: - no messages in queue
DEBUG:ant.base.ant:Read data: [a4 0e 4e 00 84 ff d4 41 92 46 98 3c 80 9a 0d 78 d1 c4] (now have [a4 0e 4e 00 84 ff d4 41 92 46 98 3c 80 9a 0d 78 d1 c4] in buffer)
DEBUG:ant.base.ant:Got broadcast data, examine queue to see if we should send anything back
DEBUG:ant.base.ant: - no messages in queue
DEBUG:ant.base.ant:Read data: [a4 0e 4e 00 84 ff d4 41 92 46 98 3c 80 9a 0d 78 d1 c4] (now have [a4 0e 4e 00 84 ff d4 41 92 46 98 3c 80 9a 0d 78 d1 c4] in buffer)
DEBUG:ant.base.ant:No new data this period
DEBUG:ant.base.ant:Got broadcast data, examine queue to see if we should send anything back
DEBUG:ant.base.ant: - no messages in queue
DEBUG:ant.base.ant:Read data: [a4 0e 4e 00 84 ff 92 46 32 4b 99 3b 80 9a 0d 78 d1 2e] (now have [a4 0e 4e 00 84 ff 92 46 32 4b 99 3b 80 9a 0d 78 d1 2e] in buffer)
DEBUG:ant.base.ant:Got broadcast data, examine queue to see if we should send anything back
DEBUG:ant.base.ant: - no messages in queue
DEBUG:ant.base.ant:Read data: [a4 0e 4e 00 84 ff 92 46 32 4b 99 3b 80 9a 0d 78 d1 2e] (now have [a4 0e 4e 00 84 ff 92 46 32 4b 99 3b 80 9a 0d 78 d1 2e] in buffer)
DEBUG:ant.base.ant:No new data this period
DEBUG:ant.base.ant:Got broadcast data, examine queue to see if we should send anything back
DEBUG:ant.base.ant: - no messages in queue
DEBUG:ant.base.ant:Read data: [a4 0e 4e 00 04 ff 92 46 32 4b 99 3b 80 9a 0d 78 d1 ae] (now have [a4 0e 4e 00 04 ff 92 46 32 4b 99 3b 80 9a 0d 78 d1 ae] in buffer)
DEBUG:ant.base.ant:Got broadcast data, examine queue to see if we should send anything back
DEBUG:ant.base.ant: - no messages in queue
DEBUG:ant.base.ant:Read data: [a4 0e 4e 00 04 ff 92 46 32 4b 99 3b 80 9a 0d 78 d1 ae] (now have [a4 0e 4e 00 04 ff 92 46 32 4b 99 3b 80 9a 0d 78 d1 ae] in buffer)
DEBUG:ant.base.ant:No new data this period
DEBUG:ant.base.ant:Got broadcast data, examine queue to see if we should send anything back
DEBUG:ant.base.ant: - no messages in queue
DEBUG:ant.base.ant:Read data: [a4 0e 4e 00 04 ff 92 46 32 4b 99 3b 80 9a 0d 78 d1 ae] (now have [a4 0e 4e 00 04 ff 92 46 32 4b 99 3b 80 9a 0d 78 d1 ae] in buffer)
DEBUG:ant.base.ant:No new data this period
DEBUG:ant.base.ant:Got broadcast data, examine queue to see if we should send anything back
DEBUG:ant.base.ant: - no messages in queue
DEBUG:ant.base.ant:Read data: [a4 0e 4e 00 04 ff 32 4b 67 4f 9a 3b 80 9a 0d 78 d1 51] (now have [a4 0e 4e 00 04 ff 32 4b 67 4f 9a 3b 80 9a 0d 78 d1 51] in buffer)
DEBUG:ant.base.ant:Got broadcast data, examine queue to see if we should send anything back
DEBUG:ant.base.ant: - no messages in queue
DEBUG:ant.base.ant:Read data: [a4 0e 4e 00 84 ff 32 4b 67 4f 9a 3b 80 9a 0d 78 d1 d1] (now have [a4 0e 4e 00 84 ff 32 4b 67 4f 9a 3b 80 9a 0d 78 d1 d1] in buffer)
DEBUG:ant.base.ant:Got broadcast data, examine queue to see if we should send anything back
DEBUG:ant.base.ant: - no messages in queue
DEBUG:ant.base.ant:Read data: [a4 0e 4e 00 84 ff 32 4b 67 4f 9a 3b 80 9a 0d 78 d1 d1] (now have [a4 0e 4e 00 84 ff 32 4b 67 4f 9a 3b 80 9a 0d 78 d1 d1] in buffer)
DEBUG:ant.base.ant:No new data this period
DEBUG:ant.base.ant:Got broadcast data, examine queue to see if we should send anything back
DEBUG:ant.base.ant: - no messages in queue
DEBUG:ant.base.ant:Read data: [a4 0e 4e 00 84 ff 67 4f 19 53 9b 3b 80 9a 0d 78 d1 e3] (now have [a4 0e 4e 00 84 ff 67 4f 19 53 9b 3b 80 9a 0d 78 d1 e3] in buffer)
DEBUG:ant.base.ant:Got broadcast data, examine queue to see if we should send anything back
DEBUG:ant.base.ant: - no messages in queue
DEBUG:ant.base.ant:Read data: [a4 0e 4e 00 03 31 17 12 19 53 9b 3b 80 9a 0d 78 d1 87] (now have [a4 0e 4e 00 03 31 17 12 19 53 9b 3b 80 9a 0d 78 d1 87] in buffer)
DEBUG:ant.base.ant:Got broadcast data, examine queue to see if we should send anything back
DEBUG:ant.base.ant: - no messages in queue
DEBUG:ant.base.ant:Read data: [a4 0e 4e 00 03 31 17 12 19 53 9b 3b 80 9a 0d 78 d1 87] (now have [a4 0e 4e 00 03 31 17 12 19 53 9b 3b 80 9a 0d 78 d1 87] in buffer)
DEBUG:ant.base.ant:No new data this period
DEBUG:ant.base.ant:Got broadcast data, examine queue to see if we should send anything back
DEBUG:ant.base.ant: - no messages in queue
DEBUG:ant.base.ant:Read data: [a4 0e 4e 00 03 31 17 12 ac 56 9c 3c 80 9a 0d 78 d1 37] (now have [a4 0e 4e 00 03 31 17 12 ac 56 9c 3c 80 9a 0d 78 d1 37] in buffer)
DEBUG:ant.base.ant:Got broadcast data, examine queue to see if we should send anything back
DEBUG:ant.base.ant: - no messages in queue
DEBUG:ant.base.ant:Read data: [a4 0e 4e 00 03 31 17 12 ac 56 9c 3c 80 9a 0d 78 d1 37] (now have [a4 0e 4e 00 03 31 17 12 ac 56 9c 3c 80 9a 0d 78 d1 37] in buffer)
DEBUG:ant.base.ant:No new data this period
DEBUG:ant.base.ant:Got broadcast data, examine queue to see if we should send anything back
DEBUG:ant.base.ant: - no messages in queue
DEBUG:ant.base.ant:Read data: [a4 0e 4e 00 84 ff 19 53 ac 56 9c 3c 80 9a 0d 78 d1 31] (now have [a4 0e 4e 00 84 ff 19 53 ac 56 9c 3c 80 9a 0d 78 d1 31] in buffer)
DEBUG:ant.base.ant:Got broadcast data, examine queue to see if we should send anything back
DEBUG:ant.base.ant: - no messages in queue
DEBUG:ant.base.ant:Read data: [a4 0e 4e 00 84 ff 19 53 ac 56 9c 3c 80 9a 0d 78 d1 31] (now have [a4 0e 4e 00 84 ff 19 53 ac 56 9c 3c 80 9a 0d 78 d1 31] in buffer)
DEBUG:ant.base.ant:No new data this period
DEBUG:ant.base.ant:Got broadcast data, examine queue to see if we should send anything back
DEBUG:ant.base.ant: - no messages in queue
DEBUG:ant.base.ant:Read data: [a4 0e 4e 00 84 ff ac 56 6b 5a 9d 3c 80 9a 0d 78 d1 4b] (now have [a4 0e 4e 00 84 ff ac 56 6b 5a 9d 3c 80 9a 0d 78 d1 4b] in buffer)
DEBUG:ant.base.ant:Got broadcast data, examine queue to see if we should send anything back
DEBUG:ant.base.ant: - no messages in queue
DEBUG:ant.base.ant:Read data: [a4 0e 4e 00 84 ff ac 56 6b 5a 9d 3c 80 9a 0d 78 d1 4b] (now have [a4 0e 4e 00 84 ff ac 56 6b 5a 9d 3c 80 9a 0d 78 d1 4b] in buffer)
DEBUG:ant.base.ant:No new data this period
DEBUG:ant.base.ant:Got broadcast data, examine queue to see if we should send anything back
DEBUG:ant.base.ant: - no messages in queue
DEBUG:ant.base.ant:Read data: [a4 0e 4e 00 04 ff ac 56 6b 5a 9d 3c 80 9a 0d 78 d1 cb] (now have [a4 0e 4e 00 04 ff ac 56 6b 5a 9d 3c 80 9a 0d 78 d1 cb] in buffer)
DEBUG:ant.base.ant:Got broadcast data, examine queue to see if we should send anything back
DEBUG:ant.base.ant: - no messages in queue
DEBUG:ant.base.ant:Read data: [a4 0e 4e 00 04 ff ac 56 6b 5a 9d 3c 80 9a 0d 78 d1 cb] (now have [a4 0e 4e 00 04 ff ac 56 6b 5a 9d 3c 80 9a 0d 78 d1 cb] in buffer)
DEBUG:ant.base.ant:No new data this period
DEBUG:ant.base.ant:Got broadcast data, examine queue to see if we should send anything back
DEBUG:ant.base.ant: - no messages in queue
DEBUG:ant.base.ant:Read data: [a4 0e 4e 00 04 ff 6b 5a 73 5e 9e 3c 80 9a 0d 78 d1 1f] (now have [a4 0e 4e 00 04 ff 6b 5a 73 5e 9e 3c 80 9a 0d 78 d1 1f] in buffer)
DEBUG:ant.base.ant:Got broadcast data, examine queue to see if we should send anything back
DEBUG:ant.base.ant: - no messages in queue
DEBUG:ant.base.ant:Read data: [a4 0e 4e 00 04 ff 6b 5a 73 5e 9e 3c 80 9a 0d 78 d1 1f] (now have [a4 0e 4e 00 04 ff 6b 5a 73 5e 9e 3c 80 9a 0d 78 d1 1f] in buffer)
DEBUG:ant.base.ant:No new data this period
DEBUG:ant.base.ant:Got broadcast data, examine queue to see if we should send anything back
DEBUG:ant.base.ant: - no messages in queue
DEBUG:ant.base.ant:Read data: [a4 0e 4e 00 84 ff 6b 5a 73 5e 9e 3c 80 9a 0d 78 d1 9f] (now have [a4 0e 4e 00 84 ff 6b 5a 73 5e 9e 3c 80 9a 0d 78 d1 9f] in buffer)
DEBUG:ant.base.ant:Got broadcast data, examine queue to see if we should send anything back
DEBUG:ant.base.ant: - no messages in queue
DEBUG:ant.base.ant:Read data: [a4 0e 4e 00 84 ff 6b 5a 73 5e 9e 3c 80 9a 0d 78 d1 9f] (now have [a4 0e 4e 00 84 ff 6b 5a 73 5e 9e 3c 80 9a 0d 78 d1 9f] in buffer)
DEBUG:ant.base.ant:No new data this period
DEBUG:ant.base.ant:Got broadcast data, examine queue to see if we should send anything back
DEBUG:ant.base.ant: - no messages in queue
DEBUG:ant.base.ant:Read data: [a4 0e 4e 00 84 ff 73 5e d7 62 9f 3c 80 9a 0d 78 d1 1a] (now have [a4 0e 4e 00 84 ff 73 5e d7 62 9f 3c 80 9a 0d 78 d1 1a] in buffer)
DEBUG:ant.base.ant:Got broadcast data, examine queue to see if we should send anything back
DEBUG:ant.base.ant: - no messages in queue
DEBUG:ant.base.ant:Read data: [a4 0e 4e 00 84 ff 73 5e d7 62 9f 3c 80 9a 0d 78 d1 1a] (now have [a4 0e 4e 00 84 ff 73 5e d7 62 9f 3c 80 9a 0d 78 d1 1a] in buffer)
DEBUG:ant.base.ant:No new data this period
DEBUG:ant.base.ant:Got broadcast data, examine queue to see if we should send anything back
DEBUG:ant.base.ant: - no messages in queue
DEBUG:ant.base.ant:Read data: [a4 0e 4e 00 04 ff 73 5e d7 62 9f 3c 80 9a 0d 78 d1 9a] (now have [a4 0e 4e 00 04 ff 73 5e d7 62 9f 3c 80 9a 0d 78 d1 9a] in buffer)
DEBUG:ant.base.ant:Got broadcast data, examine queue to see if we should send anything back
DEBUG:ant.base.ant: - no messages in queue
DEBUG:ant.base.ant:Read data: [a4 0e 4e 00 04 ff 73 5e d7 62 9f 3c 80 9a 0d 78 d1 9a] (now have [a4 0e 4e 00 04 ff 73 5e d7 62 9f 3c 80 9a 0d 78 d1 9a] in buffer)
DEBUG:ant.base.ant:No new data this period
DEBUG:ant.base.ant:Got broadcast data, examine queue to see if we should send anything back
DEBUG:ant.base.ant: - no messages in queue
DEBUG:ant.base.ant:Read data: [a4 0e 4e 00 04 ff 73 5e d7 62 9f 3c 80 9a 0d 78 d1 9a] (now have [a4 0e 4e 00 04 ff 73 5e d7 62 9f 3c 80 9a 0d 78 d1 9a] in buffer)
DEBUG:ant.base.ant:No new data this period
DEBUG:ant.base.ant:Got broadcast data, examine queue to see if we should send anything back
DEBUG:ant.base.ant: - no messages in queue
DEBUG:ant.base.ant:Read data: [a4 0e 4e 00 04 ff d7 62 37 67 a0 3b 80 9a 0d 78 d1 df] (now have [a4 0e 4e 00 04 ff d7 62 37 67 a0 3b 80 9a 0d 78 d1 df] in buffer)
DEBUG:ant.base.ant:Got broadcast data, examine queue to see if we should send anything back
DEBUG:ant.base.ant: - no messages in queue
DEBUG:ant.base.ant:Read data: [a4 0e 4e 00 84 ff d7 62 37 67 a0 3b 80 9a 0d 78 d1 5f] (now have [a4 0e 4e 00 84 ff d7 62 37 67 a0 3b 80 9a 0d 78 d1 5f] in buffer)
DEBUG:ant.base.ant:Got broadcast data, examine queue to see if we should send anything back
DEBUG:ant.base.ant: - no messages in queue
DEBUG:ant.base.ant:Read data: [a4 0e 4e 00 84 ff d7 62 37 67 a0 3b 80 9a 0d 78 d1 5f] (now have [a4 0e 4e 00 84 ff d7 62 37 67 a0 3b 80 9a 0d 78 d1 5f] in buffer)
DEBUG:ant.base.ant:No new data this period
DEBUG:ant.base.ant:Got broadcast data, examine queue to see if we should send anything back
DEBUG:ant.base.ant: - no messages in queue
DEBUG:ant.base.ant:Read data: [a4 0e 4e 00 84 ff d7 62 37 67 a0 3b 80 9a 0d 78 d1 5f] (now have [a4 0e 4e 00 84 ff d7 62 37 67 a0 3b 80 9a 0d 78 d1 5f] in buffer)
DEBUG:ant.base.ant:No new data this period
DEBUG:ant.base.ant:Got broadcast data, examine queue to see if we should send anything back
DEBUG:ant.base.ant: - no messages in queue
DEBUG:ant.base.ant:Read data: [a4 0e 4e 00 84 ff 37 67 5c 6b a1 3b 80 9a 0d 78 d1 dc] (now have [a4 0e 4e 00 84 ff 37 67 5c 6b a1 3b 80 9a 0d 78 d1 dc] in buffer)
DEBUG:ant.base.ant:Got broadcast data, examine queue to see if we should send anything back
DEBUG:ant.base.ant: - no messages in queue
DEBUG:ant.base.ant:Read data: [a4 0e 4e 00 04 ff 37 67 5c 6b a1 3b 80 9a 0d 78 d1 5c] (now have [a4 0e 4e 00 04 ff 37 67 5c 6b a1 3b 80 9a 0d 78 d1 5c] in buffer)
DEBUG:ant.base.ant:Got broadcast data, examine queue to see if we should send anything back
DEBUG:ant.base.ant: - no messages in queue
DEBUG:ant.base.ant:Read data: [a4 0e 4e 00 04 ff 37 67 5c 6b a1 3b 80 9a 0d 78 d1 5c] (now have [a4 0e 4e 00 04 ff 37 67 5c 6b a1 3b 80 9a 0d 78 d1 5c] in buffer)
DEBUG:ant.base.ant:No new data this period
DEBUG:ant.base.ant:Got broadcast data, examine queue to see if we should send anything back
DEBUG:ant.base.ant: - no messages in queue
DEBUG:ant.base.ant:Read data: [a4 0e 4e 00 04 ff 37 67 5c 6b a1 3b 80 9a 0d 78 d1 5c] (now have [a4 0e 4e 00 04 ff 37 67 5c 6b a1 3b 80 9a 0d 78 d1 5c] in buffer)
DEBUG:ant.base.ant:No new data this period
DEBUG:ant.base.ant:Got broadcast data, examine queue to see if we should send anything back
DEBUG:ant.base.ant: - no messages in queue
DEBUG:ant.base.ant:Read data: [a4 0e 4e 00 04 ff 5c 6b 4f 6f a2 3b 80 9a 0d 78 d1 2f] (now have [a4 0e 4e 00 04 ff 5c 6b 4f 6f a2 3b 80 9a 0d 78 d1 2f] in buffer)
DEBUG:ant.base.ant:Got broadcast data, examine queue to see if we should send anything back
DEBUG:ant.base.ant: - no messages in queue
DEBUG:ant.base.ant:Read data: [a4 0e 4e 00 84 ff 5c 6b 4f 6f a2 3b 80 9a 0d 78 d1 af] (now have [a4 0e 4e 00 84 ff 5c 6b 4f 6f a2 3b 80 9a 0d 78 d1 af] in buffer)
DEBUG:ant.base.ant:Got broadcast data, examine queue to see if we should send anything back
DEBUG:ant.base.ant: - no messages in queue
DEBUG:ant.base.ant:Read data: [a4 0e 4e 00 84 ff 5c 6b 4f 6f a2 3b 80 9a 0d 78 d1 af] (now have [a4 0e 4e 00 84 ff 5c 6b 4f 6f a2 3b 80 9a 0d 78 d1 af] in buffer)
DEBUG:ant.base.ant:No new data this period
DEBUG:ant.base.ant:Got broadcast data, examine queue to see if we should send anything back
DEBUG:ant.base.ant: - no messages in queue
DEBUG:ant.base.ant:Read data: [a4 0e 4e 00 84 ff 5c 6b 4f 6f a2 3b 80 9a 0d 78 d1 af] (now have [a4 0e 4e 00 84 ff 5c 6b 4f 6f a2 3b 80 9a 0d 78 d1 af] in buffer)
DEBUG:ant.base.ant:No new data this period
DEBUG:ant.base.ant:Got broadcast data, examine queue to see if we should send anything back
DEBUG:ant.base.ant: - no messages in queue
DEBUG:ant.base.ant:Read data: [a4 0e 4e 00 84 ff 4f 6f 78 73 a3 3a 80 9a 0d 78 d1 93] (now have [a4 0e 4e 00 84 ff 4f 6f 78 73 a3 3a 80 9a 0d 78 d1 93] in buffer)
DEBUG:ant.base.ant:Got broadcast data, examine queue to see if we should send anything back
DEBUG:ant.base.ant: - no messages in queue
DEBUG:ant.base.ant:Read data: [a4 0e 4e 00 04 ff 4f 6f 78 73 a3 3a 80 9a 0d 78 d1 13] (now have [a4 0e 4e 00 04 ff 4f 6f 78 73 a3 3a 80 9a 0d 78 d1 13] in buffer)
DEBUG:ant.base.ant:Got broadcast data, examine queue to see if we should send anything back
DEBUG:ant.base.ant: - no messages in queue
DEBUG:ant.base.ant:Read data: [a4 0e 4e 00 04 ff 4f 6f 78 73 a3 3a 80 9a 0d 78 d1 13] (now have [a4 0e 4e 00 04 ff 4f 6f 78 73 a3 3a 80 9a 0d 78 d1 13] in buffer)
DEBUG:ant.base.ant:No new data this period
DEBUG:ant.base.ant:Got broadcast data, examine queue to see if we should send anything back
DEBUG:ant.base.ant: - no messages in queue
DEBUG:ant.base.ant:Read data: [a4 0e 4e 00 04 ff 4f 6f 78 73 a3 3a 80 9a 0d 78 d1 13] (now have [a4 0e 4e 00 04 ff 4f 6f 78 73 a3 3a 80 9a 0d 78 d1 13] in buffer)
DEBUG:ant.base.ant:No new data this period
DEBUG:ant.base.ant:Got broadcast data, examine queue to see if we should send anything back
DEBUG:ant.base.ant: - no messages in queue
DEBUG:ant.base.ant:Read data: [a4 0e 4e 00 04 ff 78 73 af 77 a4 3a 80 9a 0d 78 d1 ec] (now have [a4 0e 4e 00 04 ff 78 73 af 77 a4 3a 80 9a 0d 78 d1 ec] in buffer)
DEBUG:ant.base.ant:Got broadcast data, examine queue to see if we should send anything back
DEBUG:ant.base.ant: - no messages in queue
DEBUG:ant.base.ant:Read data: [a4 0e 4e 00 84 ff 78 73 af 77 a4 3a 80 9a 0d 78 d1 6c] (now have [a4 0e 4e 00 84 ff 78 73 af 77 a4 3a 80 9a 0d 78 d1 6c] in buffer)
DEBUG:ant.base.ant:Got broadcast data, examine queue to see if we should send anything back
DEBUG:ant.base.ant: - no messages in queue
DEBUG:ant.base.ant:Read data: [a4 0e 4e 00 84 ff 78 73 af 77 a4 3a 80 9a 0d 78 d1 6c] (now have [a4 0e 4e 00 84 ff 78 73 af 77 a4 3a 80 9a 0d 78 d1 6c] in buffer)
DEBUG:ant.base.ant:No new data this period
DEBUG:ant.base.ant:Got broadcast data, examine queue to see if we should send anything back
DEBUG:ant.base.ant: - no messages in queue
DEBUG:ant.base.ant:Read data: [a4 0e 4e 00 84 ff 78 73 af 77 a4 3a 80 9a 0d 78 d1 6c] (now have [a4 0e 4e 00 84 ff 78 73 af 77 a4 3a 80 9a 0d 78 d1 6c] in buffer)
DEBUG:ant.base.ant:No new data this period
DEBUG:ant.base.ant:Got broadcast data, examine queue to see if we should send anything back
DEBUG:ant.base.ant: - no messages in queue
DEBUG:ant.base.ant:Read data: [a4 0e 4e 00 84 ff af 77 34 7b a5 3a 80 9a 0d 78 d1 29] (now have [a4 0e 4e 00 84 ff af 77 34 7b a5 3a 80 9a 0d 78 d1 29] in buffer)
DEBUG:ant.base.ant:Got broadcast data, examine queue to see if we should send anything back
DEBUG:ant.base.ant: - no messages in queue
DEBUG:ant.base.ant:Read data: [a4 0e 4e 00 04 ff af 77 34 7b a5 3a 80 9a 0d 78 d1 a9] (now have [a4 0e 4e 00 04 ff af 77 34 7b a5 3a 80 9a 0d 78 d1 a9] in buffer)
DEBUG:ant.base.ant:Got broadcast data, examine queue to see if we should send anything back
DEBUG:ant.base.ant: - no messages in queue
DEBUG:ant.base.ant:Read data: [a4 0e 4e 00 04 ff af 77 34 7b a5 3a 80 9a 0d 78 d1 a9] (now have [a4 0e 4e 00 04 ff af 77 34 7b a5 3a 80 9a 0d 78 d1 a9] in buffer)
DEBUG:ant.base.ant:No new data this period
DEBUG:ant.base.ant:Got broadcast data, examine queue to see if we should send anything back
DEBUG:ant.base.ant: - no messages in queue
DEBUG:ant.base.ant:Read data: [a4 0e 4e 00 04 ff 34 7b 5d 7e a5 3a 80 9a 0d 78 d1 52] (now have [a4 0e 4e 00 04 ff 34 7b 5d 7e a5 3a 80 9a 0d 78 d1 52] in buffer)
DEBUG:ant.base.ant:Got broadcast data, examine queue to see if we should send anything back
DEBUG:ant.base.ant: - no messages in queue
DEBUG:ant.base.ant:Read data: [a4 0e 4e 00 04 ff 34 7b 5d 7e a5 3a 80 9a 0d 78 d1 52] (now have [a4 0e 4e 00 04 ff 34 7b 5d 7e a5 3a 80 9a 0d 78 d1 52] in buffer)
DEBUG:ant.base.ant:No new data this period
DEBUG:ant.base.ant:Got broadcast data, examine queue to see if we should send anything back
DEBUG:ant.base.ant: - no messages in queue
DEBUG:ant.base.ant:Read data: [a4 0e 4e 00 84 ff 34 7b 5d 7e a5 3a 80 9a 0d 78 d1 d2] (now have [a4 0e 4e 00 84 ff 34 7b 5d 7e a5 3a 80 9a 0d 78 d1 d2] in buffer)
DEBUG:ant.base.ant:Got broadcast data, examine queue to see if we should send anything back
DEBUG:ant.base.ant: - no messages in queue
DEBUG:ant.base.ant:Read data: [a4 0e 4e 00 84 ff 5d 7e 67 81 a5 3a 80 9a 0d 78 d1 7b] (now have [a4 0e 4e 00 84 ff 5d 7e 67 81 a5 3a 80 9a 0d 78 d1 7b] in buffer)
DEBUG:ant.base.ant:Got broadcast data, examine queue to see if we should send anything back
DEBUG:ant.base.ant: - no messages in queue
DEBUG:ant.base.ant:Read data: [a4 0e 4e 00 84 ff 5d 7e 67 81 a5 3a 80 9a 0d 78 d1 7b] (now have [a4 0e 4e 00 84 ff 5d 7e 67 81 a5 3a 80 9a 0d 78 d1 7b] in buffer)
DEBUG:ant.base.ant:No new data this period
DEBUG:ant.base.ant:Got broadcast data, examine queue to see if we should send anything back
DEBUG:ant.base.ant: - no messages in queue
WARNING:ant.base.ant:<class 'usb.core.USBTimeoutError'>, (60, 'Operation timed out')
WARNING:ant.base.ant:<class 'usb.core.USBTimeoutError'>, (60, 'Operation timed out')
WARNING:ant.base.ant:<class 'usb.core.USBTimeoutError'>, (60, 'Operation timed out')
WARNING:ant.base.ant:<class 'usb.core.USBTimeoutError'>, (60, 'Operation timed out')
WARNING:ant.base.ant:<class 'usb.core.USBTimeoutError'>, (60, 'Operation timed out')
WARNING:ant.base.ant:<class 'usb.core.USBTimeoutError'>, (60, 'Operation timed out')
WARNING:ant.base.ant:<class 'usb.core.USBTimeoutError'>, (60, 'Operation timed out')
WARNING:ant.base.ant:<class 'usb.core.USBTimeoutError'>, (60, 'Operation timed out')
WARNING:ant.base.ant:<class 'usb.core.USBTimeoutError'>, (60, 'Operation timed out')
WARNING:ant.base.ant:<class 'usb.core.USBTimeoutError'>, (60, 'Operation timed out')
WARNING:ant.base.ant:<class 'usb.core.USBTimeoutError'>, (60, 'Operation timed out')
WARNING:ant.base.ant:<class 'usb.core.USBTimeoutError'>, (60, 'Operation timed out')
WARNING:ant.base.ant:<class 'usb.core.USBTimeoutError'>, (60, 'Operation timed out')
WARNING:ant.base.ant:<class 'usb.core.USBTimeoutError'>, (60, 'Operation timed out')
WARNING:ant.base.ant:<class 'usb.core.USBTimeoutError'>, (60, 'Operation timed out')
WARNING:ant.base.ant:<class 'usb.core.USBTimeoutError'>, (60, 'Operation timed out')
WARNING:ant.base.ant:<class 'usb.core.USBTimeoutError'>, (60, 'Operation timed out')
WARNING:ant.base.ant:<class 'usb.core.USBTimeoutError'>, (60, 'Operation timed out')
WARNING:ant.base.ant:<class 'usb.core.USBTimeoutError'>, (60, 'Operation timed out')
WARNING:ant.base.ant:<class 'usb.core.USBTimeoutError'>, (60, 'Operation timed out')
WARNING:ant.base.ant:<class 'usb.core.USBTimeoutError'>, (60, 'Operation timed out')
WARNING:ant.base.ant:<class 'usb.core.USBTimeoutError'>, (60, 'Operation timed out')
WARNING:ant.base.ant:<class 'usb.core.USBTimeoutError'>, (60, 'Operation timed out')
WARNING:ant.base.ant:<class 'usb.core.USBTimeoutError'>, (60, 'Operation timed out')
WARNING:ant.base.ant:<class 'usb.core.USBTimeoutError'>, (60, 'Operation timed out')
WARNING:ant.base.ant:<class 'usb.core.USBTimeoutError'>, (60, 'Operation timed out')
WARNING:ant.base.ant:<class 'usb.core.USBTimeoutError'>, (60, 'Operation timed out')
WARNING:ant.base.ant:<class 'usb.core.USBTimeoutError'>, (60, 'Operation timed out')
WARNING:ant.base.ant:<class 'usb.core.USBTimeoutError'>, (60, 'Operation timed out')
WARNING:ant.base.ant:<class 'usb.core.USBTimeoutError'>, (60, 'Operation timed out')
WARNING:ant.base.ant:<class 'usb.core.USBTimeoutError'>, (60, 'Operation timed out')
WARNING:ant.base.ant:<class 'usb.core.USBTimeoutError'>, (60, 'Operation timed out')
WARNING:ant.base.ant:<class 'usb.core.USBTimeoutError'>, (60, 'Operation timed out')
WARNING:ant.base.ant:<class 'usb.core.USBTimeoutError'>, (60, 'Operation timed out')
DEBUG:ant.base.ant:Read data: [a4 0e 4e 00 04 ff cc 17 84 1a d4 5c 80 9a 0d 78 d1 6c] (now have [a4 0e 4e 00 04 ff cc 17 84 1a d4 5c 80 9a 0d 78 d1 6c] in buffer)
DEBUG:ant.base.ant:Got broadcast data, examine queue to see if we should send anything back
DEBUG:ant.base.ant: - no messages in queue
DEBUG:ant.base.ant:Read data: [a4 0e 4e 00 04 ff 84 1a 26 1d d5 5b 80 9a 0d 78 d1 8a] (now have [a4 0e 4e 00 04 ff 84 1a 26 1d d5 5b 80 9a 0d 78 d1 8a] in buffer)
DEBUG:ant.base.ant:Got broadcast data, examine queue to see if we should send anything back
DEBUG:ant.base.ant: - no messages in queue
DEBUG:ant.base.ant:Read data: [a4 0e 4e 00 89 fc ff ff 26 1d d5 5b 80 9a 0d 78 d1 9a] (now have [a4 0e 4e 00 89 fc ff ff 26 1d d5 5b 80 9a 0d 78 d1 9a] in buffer)
DEBUG:ant.base.ant:Got broadcast data, examine queue to see if we should send anything back
DEBUG:ant.base.ant: - no messages in queue
DEBUG:ant.base.ant:Read data: [a4 0e 4e 00 89 fc ff ff 26 1d d5 5b 80 9a 0d 78 d1 9a] (now have [a4 0e 4e 00 89 fc ff ff 26 1d d5 5b 80 9a 0d 78 d1 9a] in buffer)
DEBUG:ant.base.ant:No new data this period
DEBUG:ant.base.ant:Got broadcast data, examine queue to see if we should send anything back
DEBUG:ant.base.ant: - no messages in queue
DEBUG:ant.base.ant:Read data: [a4 0e 4e 00 89 fc ff ff c6 1f d6 5b 80 9a 0d 78 d1 7b] (now have [a4 0e 4e 00 89 fc ff ff c6 1f d6 5b 80 9a 0d 78 d1 7b] in buffer)
DEBUG:ant.base.ant:Got broadcast data, examine queue to see if we should send anything back
DEBUG:ant.base.ant: - no messages in queue
DEBUG:ant.base.ant:Read data: [a4 0e 4e 00 89 fc ff ff c6 1f d6 5b 80 9a 0d 78 d1 7b] (now have [a4 0e 4e 00 89 fc ff ff c6 1f d6 5b 80 9a 0d 78 d1 7b] in buffer)
DEBUG:ant.base.ant:No new data this period
DEBUG:ant.base.ant:Got broadcast data, examine queue to see if we should send anything back
DEBUG:ant.base.ant: - no messages in queue
DEBUG:ant.base.ant:Read data: [a4 0e 4e 00 04 ff 26 1d c6 1f d6 5b 80 9a 0d 78 d1 ce] (now have [a4 0e 4e 00 04 ff 26 1d c6 1f d6 5b 80 9a 0d 78 d1 ce] in buffer)
DEBUG:ant.base.ant:Got broadcast data, examine queue to see if we should send anything back
DEBUG:ant.base.ant: - no messages in queue
DEBUG:ant.base.ant:Read data: [a4 0e 4e 00 04 ff c6 1f 5e 22 d7 5c 80 9a 0d 78 d1 8f] (now have [a4 0e 4e 00 04 ff c6 1f 5e 22 d7 5c 80 9a 0d 78 d1 8f] in buffer)
DEBUG:ant.base.ant:Got broadcast data, examine queue to see if we should send anything back
DEBUG:ant.base.ant: - no messages in queue
DEBUG:ant.base.ant:Read data: [a4 0e 4e 00 04 ff c6 1f 5e 22 d7 5c 80 9a 0d 78 d1 8f] (now have [a4 0e 4e 00 04 ff c6 1f 5e 22 d7 5c 80 9a 0d 78 d1 8f] in buffer)
DEBUG:ant.base.ant:No new data this period
DEBUG:ant.base.ant:Got broadcast data, examine queue to see if we should send anything back
DEBUG:ant.base.ant: - no messages in queue
DEBUG:ant.base.ant:Read data: [a4 0e 4e 00 04 ff 5e 22 f4 24 d8 5c 80 9a 0d 78 d1 89] (now have [a4 0e 4e 00 04 ff 5e 22 f4 24 d8 5c 80 9a 0d 78 d1 89] in buffer)
DEBUG:ant.base.ant:Got broadcast data, examine queue to see if we should send anything back
DEBUG:ant.base.ant: - no messages in queue
DEBUG:ant.base.ant:Read data: [a4 0e 4e 00 84 ff 5e 22 f4 24 d8 5c 80 9a 0d 78 d1 09] (now have [a4 0e 4e 00 84 ff 5e 22 f4 24 d8 5c 80 9a 0d 78 d1 09] in buffer)
DEBUG:ant.base.ant:Got broadcast data, examine queue to see if we should send anything back
DEBUG:ant.base.ant: - no messages in queue
DEBUG:ant.base.ant:Read data: [a4 0e 4e 00 84 ff 5e 22 f4 24 d8 5c 80 9a 0d 78 d1 09] (now have [a4 0e 4e 00 84 ff 5e 22 f4 24 d8 5c 80 9a 0d 78 d1 09] in buffer)
DEBUG:ant.base.ant:No new data this period
DEBUG:ant.base.ant:Got broadcast data, examine queue to see if we should send anything back
DEBUG:ant.base.ant: - no messages in queue
DEBUG:ant.base.ant:Read data: [a4 0e 4e 00 84 ff f4 24 83 27 d9 5c 80 9a 0d 78 d1 d0] (now have [a4 0e 4e 00 84 ff f4 24 83 27 d9 5c 80 9a 0d 78 d1 d0] in buffer)
DEBUG:ant.base.ant:Got broadcast data, examine queue to see if we should send anything back
DEBUG:ant.base.ant: - no messages in queue
DEBUG:ant.base.ant:Read data: [a4 0e 4e 00 84 ff f4 24 83 27 d9 5c 80 9a 0d 78 d1 d0] (now have [a4 0e 4e 00 84 ff f4 24 83 27 d9 5c 80 9a 0d 78 d1 d0] in buffer)
DEBUG:ant.base.ant:No new data this period
DEBUG:ant.base.ant:Got broadcast data, examine queue to see if we should send anything back
DEBUG:ant.base.ant: - no messages in queue
DEBUG:ant.base.ant:Read data: [a4 0e 4e 00 04 ff f4 24 83 27 d9 5c 80 9a 0d 78 d1 50] (now have [a4 0e 4e 00 04 ff f4 24 83 27 d9 5c 80 9a 0d 78 d1 50] in buffer)
DEBUG:ant.base.ant:Got broadcast data, examine queue to see if we should send anything back
DEBUG:ant.base.ant: - no messages in queue
DEBUG:ant.base.ant:Read data: [a4 0e 4e 00 04 ff 83 27 0b 2a da 5c 80 9a 0d 78 d1 a2] (now have [a4 0e 4e 00 04 ff 83 27 0b 2a da 5c 80 9a 0d 78 d1 a2] in buffer)
DEBUG:ant.base.ant:Got broadcast data, examine queue to see if we should send anything back
DEBUG:ant.base.ant: - no messages in queue
DEBUG:ant.base.ant:Read data: [a4 0e 4e 00 04 ff 83 27 0b 2a da 5c 80 9a 0d 78 d1 a2] (now have [a4 0e 4e 00 04 ff 83 27 0b 2a da 5c 80 9a 0d 78 d1 a2] in buffer)
DEBUG:ant.base.ant:No new data this period
DEBUG:ant.base.ant:Got broadcast data, examine queue to see if we should send anything back
DEBUG:ant.base.ant: - no messages in queue
DEBUG:ant.base.ant:Read data: [a4 0e 4e 00 04 ff 0b 2a 87 2c db 5c 80 9a 0d 78 d1 ac] (now have [a4 0e 4e 00 04 ff 0b 2a 87 2c db 5c 80 9a 0d 78 d1 ac] in buffer)
DEBUG:ant.base.ant:Got broadcast data, examine queue to see if we should send anything back
DEBUG:ant.base.ant: - no messages in queue
DEBUG:ant.base.ant:Read data: [a4 0e 4e 00 84 ff 0b 2a 87 2c db 5c 80 9a 0d 78 d1 2c] (now have [a4 0e 4e 00 84 ff 0b 2a 87 2c db 5c 80 9a 0d 78 d1 2c] in buffer)
DEBUG:ant.base.ant:Got broadcast data, examine queue to see if we should send anything back
DEBUG:ant.base.ant: - no messages in queue
DEBUG:ant.base.ant:Read data: [a4 0e 4e 00 84 ff 87 2c f5 2e dc 5d 80 9a 0d 78 d1 d0] (now have [a4 0e 4e 00 84 ff 87 2c f5 2e dc 5d 80 9a 0d 78 d1 d0] in buffer)
DEBUG:ant.base.ant:Got broadcast data, examine queue to see if we should send anything back
DEBUG:ant.base.ant: - no messages in queue
DEBUG:ant.base.ant:Read data: [a4 0e 4e 00 84 ff 87 2c f5 2e dc 5d 80 9a 0d 78 d1 d0] (now have [a4 0e 4e 00 84 ff 87 2c f5 2e dc 5d 80 9a 0d 78 d1 d0] in buffer)
DEBUG:ant.base.ant:No new data this period
DEBUG:ant.base.ant:Got broadcast data, examine queue to see if we should send anything back
DEBUG:ant.base.ant: - no messages in queue
DEBUG:ant.base.ant:Read data: [a4 0e 4e 00 84 ff 87 2c f5 2e dc 5d 80 9a 0d 78 d1 d0] (now have [a4 0e 4e 00 84 ff 87 2c f5 2e dc 5d 80 9a 0d 78 d1 d0] in buffer)
DEBUG:ant.base.ant:No new data this period
DEBUG:ant.base.ant:Got broadcast data, examine queue to see if we should send anything back
DEBUG:ant.base.ant: - no messages in queue
DEBUG:ant.base.ant:Read data: [a4 0e 4e 00 04 ff f5 2e 5b 31 dd 5e 80 9a 0d 78 d1 93] (now have [a4 0e 4e 00 04 ff f5 2e 5b 31 dd 5e 80 9a 0d 78 d1 93] in buffer)
DEBUG:ant.base.ant:Got broadcast data, examine queue to see if we should send anything back
DEBUG:ant.base.ant: - no messages in queue
DEBUG:ant.base.ant:Read data: [a4 0e 4e 00 04 ff f5 2e 5b 31 dd 5e 80 9a 0d 78 d1 93] (now have [a4 0e 4e 00 04 ff f5 2e 5b 31 dd 5e 80 9a 0d 78 d1 93] in buffer)
DEBUG:ant.base.ant:No new data this period
DEBUG:ant.base.ant:Got broadcast data, examine queue to see if we should send anything back
DEBUG:ant.base.ant: - no messages in queue
DEBUG:ant.base.ant:Read data: [a4 0e 4e 00 04 ff 5b 31 d2 33 de 5e 80 9a 0d 78 d1 aa] (now have [a4 0e 4e 00 04 ff 5b 31 d2 33 de 5e 80 9a 0d 78 d1 aa] in buffer)
DEBUG:ant.base.ant:Got broadcast data, examine queue to see if we should send anything back
DEBUG:ant.base.ant: - no messages in queue
DEBUG:ant.base.ant:Read data: [a4 0e 4e 00 84 ff 5b 31 d2 33 de 5e 80 9a 0d 78 d1 2a] (now have [a4 0e 4e 00 84 ff 5b 31 d2 33 de 5e 80 9a 0d 78 d1 2a] in buffer)
DEBUG:ant.base.ant:Got broadcast data, examine queue to see if we should send anything back
DEBUG:ant.base.ant: - no messages in queue
DEBUG:ant.base.ant:Read data: [a4 0e 4e 00 84 ff d2 33 5f 36 df 5e 80 9a 0d 78 d1 28] (now have [a4 0e 4e 00 84 ff d2 33 5f 36 df 5e 80 9a 0d 78 d1 28] in buffer)
DEBUG:ant.base.ant:Got broadcast data, examine queue to see if we should send anything back
DEBUG:ant.base.ant: - no messages in queue
DEBUG:ant.base.ant:Read data: [a4 0e 4e 00 84 ff d2 33 5f 36 df 5e 80 9a 0d 78 d1 28] (now have [a4 0e 4e 00 84 ff d2 33 5f 36 df 5e 80 9a 0d 78 d1 28] in buffer)
DEBUG:ant.base.ant:No new data this period
DEBUG:ant.base.ant:Got broadcast data, examine queue to see if we should send anything back
DEBUG:ant.base.ant: - no messages in queue
DEBUG:ant.base.ant:Read data: [a4 0e 4e 00 84 ff d2 33 5f 36 df 5e 80 9a 0d 78 d1 28] (now have [a4 0e 4e 00 84 ff d2 33 5f 36 df 5e 80 9a 0d 78 d1 28] in buffer)
DEBUG:ant.base.ant:No new data this period
DEBUG:ant.base.ant:Got broadcast data, examine queue to see if we should send anything back
DEBUG:ant.base.ant: - no messages in queue
DEBUG:ant.base.ant:Read data: [a4 0e 4e 00 04 ff 5f 36 40 39 e0 5e 80 9a 0d 78 d1 0f] (now have [a4 0e 4e 00 04 ff 5f 36 40 39 e0 5e 80 9a 0d 78 d1 0f] in buffer)
DEBUG:ant.base.ant:Got broadcast data, examine queue to see if we should send anything back
DEBUG:ant.base.ant: - no messages in queue
DEBUG:ant.base.ant:Read data: [a4 0e 4e 00 04 ff 5f 36 40 39 e0 5e 80 9a 0d 78 d1 0f] (now have [a4 0e 4e 00 04 ff 5f 36 40 39 e0 5e 80 9a 0d 78 d1 0f] in buffer)
DEBUG:ant.base.ant:No new data this period
DEBUG:ant.base.ant:Got broadcast data, examine queue to see if we should send anything back
DEBUG:ant.base.ant: - no messages in queue
DEBUG:ant.base.ant:Read data: [a4 0e 4e 00 04 ff 40 39 85 3c e0 5e 80 9a 0d 78 d1 df] (now have [a4 0e 4e 00 04 ff 40 39 85 3c e0 5e 80 9a 0d 78 d1 df] in buffer)
DEBUG:ant.base.ant:Got broadcast data, examine queue to see if we should send anything back
DEBUG:ant.base.ant: - no messages in queue
DEBUG:ant.base.ant:Read data: [a4 0e 4e 00 84 ff 40 39 85 3c e0 5e 80 9a 0d 78 d1 5f] (now have [a4 0e 4e 00 84 ff 40 39 85 3c e0 5e 80 9a 0d 78 d1 5f] in buffer)
DEBUG:ant.base.ant:Got broadcast data, examine queue to see if we should send anything back
DEBUG:ant.base.ant: - no messages in queue
DEBUG:ant.base.ant:Read data: [a4 0e 4e 00 84 ff 40 39 85 3c e0 5e 80 9a 0d 78 d1 5f] (now have [a4 0e 4e 00 84 ff 40 39 85 3c e0 5e 80 9a 0d 78 d1 5f] in buffer)
DEBUG:ant.base.ant:No new data this period
DEBUG:ant.base.ant:Got broadcast data, examine queue to see if we should send anything back
DEBUG:ant.base.ant: - no messages in queue
DEBUG:ant.base.ant:Read data: [a4 0e 4e 00 84 ff 40 39 85 3c e0 5e 80 9a 0d 78 d1 5f] (now have [a4 0e 4e 00 84 ff 40 39 85 3c e0 5e 80 9a 0d 78 d1 5f] in buffer)
DEBUG:ant.base.ant:No new data this period
DEBUG:ant.base.ant:Got broadcast data, examine queue to see if we should send anything back
DEBUG:ant.base.ant: - no messages in queue
DEBUG:ant.base.ant:Read data: [a4 0e 4e 00 84 ff 85 3c c0 3f e0 5e 80 9a 0d 78 d1 d9] (now have [a4 0e 4e 00 84 ff 85 3c c0 3f e0 5e 80 9a 0d 78 d1 d9] in buffer)
DEBUG:ant.base.ant:Got broadcast data, examine queue to see if we should send anything back
DEBUG:ant.base.ant: - no messages in queue
DEBUG:ant.base.ant:Read data: [a4 0e 4e 00 04 ff 85 3c c0 3f e0 5e 80 9a 0d 78 d1 59] (now have [a4 0e 4e 00 04 ff 85 3c c0 3f e0 5e 80 9a 0d 78 d1 59] in buffer)
DEBUG:ant.base.ant:Got broadcast data, examine queue to see if we should send anything back
DEBUG:ant.base.ant: - no messages in queue
DEBUG:ant.base.ant:Read data: [a4 0e 4e 00 04 ff 85 3c c0 3f e0 5e 80 9a 0d 78 d1 59] (now have [a4 0e 4e 00 04 ff 85 3c c0 3f e0 5e 80 9a 0d 78 d1 59] in buffer)
DEBUG:ant.base.ant:No new data this period
DEBUG:ant.base.ant:Got broadcast data, examine queue to see if we should send anything back
DEBUG:ant.base.ant: - no messages in queue
DEBUG:ant.base.ant:Read data: [a4 0e 4e 00 04 ff c0 3f ce 42 e0 5e 80 9a 0d 78 d1 6c] (now have [a4 0e 4e 00 04 ff c0 3f ce 42 e0 5e 80 9a 0d 78 d1 6c] in buffer)
DEBUG:ant.base.ant:Got broadcast data, examine queue to see if we should send anything back
DEBUG:ant.base.ant: - no messages in queue
DEBUG:ant.base.ant:Read data: [a4 0e 4e 00 04 ff c0 3f ce 42 e0 5e 80 9a 0d 78 d1 6c] (now have [a4 0e 4e 00 04 ff c0 3f ce 42 e0 5e 80 9a 0d 78 d1 6c] in buffer)
DEBUG:ant.base.ant:No new data this period
DEBUG:ant.base.ant:Got broadcast data, examine queue to see if we should send anything back
DEBUG:ant.base.ant: - no messages in queue
DEBUG:ant.base.ant:Read data: [a4 0e 4e 00 84 ff c0 3f ce 42 e0 5e 80 9a 0d 78 d1 ec] (now have [a4 0e 4e 00 84 ff c0 3f ce 42 e0 5e 80 9a 0d 78 d1 ec] in buffer)
DEBUG:ant.base.ant:Got broadcast data, examine queue to see if we should send anything back
DEBUG:ant.base.ant: - no messages in queue
DEBUG:ant.base.ant:Read data: [a4 0e 4e 00 84 ff ce 42 c2 45 e1 5d 80 9a 0d 78 d1 96] (now have [a4 0e 4e 00 84 ff ce 42 c2 45 e1 5d 80 9a 0d 78 d1 96] in buffer)
DEBUG:ant.base.ant:Got broadcast data, examine queue to see if we should send anything back
DEBUG:ant.base.ant: - no messages in queue
DEBUG:ant.base.ant:Read data: [a4 0e 4e 00 84 ff ce 42 c2 45 e1 5d 80 9a 0d 78 d1 96] (now have [a4 0e 4e 00 84 ff ce 42 c2 45 e1 5d 80 9a 0d 78 d1 96] in buffer)
DEBUG:ant.base.ant:No new data this period
DEBUG:ant.base.ant:Got broadcast data, examine queue to see if we should send anything back
DEBUG:ant.base.ant: - no messages in queue
DEBUG:ant.base.ant:Read data: [a4 0e 4e 00 84 ff ce 42 c2 45 e1 5d 80 9a 0d 78 d1 96] (now have [a4 0e 4e 00 84 ff ce 42 c2 45 e1 5d 80 9a 0d 78 d1 96] in buffer)
DEBUG:ant.base.ant:No new data this period
DEBUG:ant.base.ant:Got broadcast data, examine queue to see if we should send anything back
DEBUG:ant.base.ant: - no messages in queue
DEBUG:ant.base.ant:Read data: [a4 0e 4e 00 04 ff c2 45 b3 48 e2 5b 80 9a 0d 78 d1 64] (now have [a4 0e 4e 00 04 ff c2 45 b3 48 e2 5b 80 9a 0d 78 d1 64] in buffer)
DEBUG:ant.base.ant:Got broadcast data, examine queue to see if we should send anything back
DEBUG:ant.base.ant: - no messages in queue
DEBUG:ant.base.ant:Read data: [a4 0e 4e 00 04 ff c2 45 b3 48 e2 5b 80 9a 0d 78 d1 64] (now have [a4 0e 4e 00 04 ff c2 45 b3 48 e2 5b 80 9a 0d 78 d1 64] in buffer)
DEBUG:ant.base.ant:No new data this period
DEBUG:ant.base.ant:Got broadcast data, examine queue to see if we should send anything back
DEBUG:ant.base.ant: - no messages in queue
DEBUG:ant.base.ant:Read data: [a4 0e 4e 00 04 ff c2 45 b3 48 e2 5b 80 9a 0d 78 d1 64] (now have [a4 0e 4e 00 04 ff c2 45 b3 48 e2 5b 80 9a 0d 78 d1 64] in buffer)
DEBUG:ant.base.ant:No new data this period
DEBUG:ant.base.ant:Got broadcast data, examine queue to see if we should send anything back
DEBUG:ant.base.ant: - no messages in queue
DEBUG:ant.base.ant:Read data: [a4 0e 4e 00 04 ff b3 48 99 4b e3 5a 80 9a 0d 78 d1 31] (now have [a4 0e 4e 00 04 ff b3 48 99 4b e3 5a 80 9a 0d 78 d1 31] in buffer)
DEBUG:ant.base.ant:Got broadcast data, examine queue to see if we should send anything back
DEBUG:ant.base.ant: - no messages in queue
DEBUG:ant.base.ant:Read data: [a4 0e 4e 00 84 ff b3 48 99 4b e3 5a 80 9a 0d 78 d1 b1] (now have [a4 0e 4e 00 84 ff b3 48 99 4b e3 5a 80 9a 0d 78 d1 b1] in buffer)
DEBUG:ant.base.ant:Got broadcast data, examine queue to see if we should send anything back
DEBUG:ant.base.ant: - no messages in queue
DEBUG:ant.base.ant:Read data: [a4 0e 4e 00 84 ff 99 4b 67 4e e4 5a 80 9a 0d 78 d1 64] (now have [a4 0e 4e 00 84 ff 99 4b 67 4e e4 5a 80 9a 0d 78 d1 64] in buffer)
DEBUG:ant.base.ant:Got broadcast data, examine queue to see if we should send anything back
DEBUG:ant.base.ant: - no messages in queue
DEBUG:ant.base.ant:Read data: [a4 0e 4e 00 84 ff 99 4b 67 4e e4 5a 80 9a 0d 78 d1 64] (now have [a4 0e 4e 00 84 ff 99 4b 67 4e e4 5a 80 9a 0d 78 d1 64] in buffer)
DEBUG:ant.base.ant:No new data this period
DEBUG:ant.base.ant:Got broadcast data, examine queue to see if we should send anything back
DEBUG:ant.base.ant: - no messages in queue
DEBUG:ant.base.ant:Read data: [a4 0e 4e 00 04 ff 67 4e 23 51 e5 59 80 9a 0d 78 d1 46] (now have [a4 0e 4e 00 04 ff 67 4e 23 51 e5 59 80 9a 0d 78 d1 46] in buffer)
DEBUG:ant.base.ant:Got broadcast data, examine queue to see if we should send anything back
DEBUG:ant.base.ant: - no messages in queue
DEBUG:ant.base.ant:Read data: [a4 0e 4e 00 04 ff 67 4e 23 51 e5 59 80 9a 0d 78 d1 46] (now have [a4 0e 4e 00 04 ff 67 4e 23 51 e5 59 80 9a 0d 78 d1 46] in buffer)
DEBUG:ant.base.ant:No new data this period
DEBUG:ant.base.ant:Got broadcast data, examine queue to see if we should send anything back
DEBUG:ant.base.ant: - no messages in queue
DEBUG:ant.base.ant:Read data: [a4 0e 4e 00 04 ff 67 4e 23 51 e5 59 80 9a 0d 78 d1 46] (now have [a4 0e 4e 00 04 ff 67 4e 23 51 e5 59 80 9a 0d 78 d1 46] in buffer)
DEBUG:ant.base.ant:No new data this period
DEBUG:ant.base.ant:Got broadcast data, examine queue to see if we should send anything back
DEBUG:ant.base.ant: - no messages in queue
DEBUG:ant.base.ant:Read data: [a4 0e 4e 00 04 ff 23 51 cd 53 e6 59 80 9a 0d 78 d1 f2] (now have [a4 0e 4e 00 04 ff 23 51 cd 53 e6 59 80 9a 0d 78 d1 f2] in buffer)
DEBUG:ant.base.ant:Got broadcast data, examine queue to see if we should send anything back
DEBUG:ant.base.ant: - no messages in queue
DEBUG:ant.base.ant:Read data: [a4 0e 4e 00 84 ff 23 51 cd 53 e6 59 80 9a 0d 78 d1 72] (now have [a4 0e 4e 00 84 ff 23 51 cd 53 e6 59 80 9a 0d 78 d1 72] in buffer)
DEBUG:ant.base.ant:Got broadcast data, examine queue to see if we should send anything back
DEBUG:ant.base.ant: - no messages in queue
DEBUG:ant.base.ant:Read data: [a4 0e 4e 00 84 ff 23 51 cd 53 e6 59 80 9a 0d 78 d1 72] (now have [a4 0e 4e 00 84 ff 23 51 cd 53 e6 59 80 9a 0d 78 d1 72] in buffer)
DEBUG:ant.base.ant:No new data this period
DEBUG:ant.base.ant:Got broadcast data, examine queue to see if we should send anything back
DEBUG:ant.base.ant: - no messages in queue
DEBUG:ant.base.ant:Read data: [a4 0e 4e 00 84 ff cd 53 78 56 e7 59 80 9a 0d 78 d1 2f] (now have [a4 0e 4e 00 84 ff cd 53 78 56 e7 59 80 9a 0d 78 d1 2f] in buffer)
DEBUG:ant.base.ant:Got broadcast data, examine queue to see if we should send anything back
DEBUG:ant.base.ant: - no messages in queue
DEBUG:ant.base.ant:Read data: [a4 0e 4e 00 84 ff cd 53 78 56 e7 59 80 9a 0d 78 d1 2f] (now have [a4 0e 4e 00 84 ff cd 53 78 56 e7 59 80 9a 0d 78 d1 2f] in buffer)
DEBUG:ant.base.ant:No new data this period
DEBUG:ant.base.ant:Got broadcast data, examine queue to see if we should send anything back
DEBUG:ant.base.ant: - no messages in queue
DEBUG:ant.base.ant:Read data: [a4 0e 4e 00 04 ff 78 56 26 59 e8 59 80 9a 0d 78 d1 41] (now have [a4 0e 4e 00 04 ff 78 56 26 59 e8 59 80 9a 0d 78 d1 41] in buffer)
DEBUG:ant.base.ant:Got broadcast data, examine queue to see if we should send anything back
DEBUG:ant.base.ant: - no messages in queue
DEBUG:ant.base.ant:Read data: [a4 0e 4e 00 04 ff 78 56 26 59 e8 59 80 9a 0d 78 d1 41] (now have [a4 0e 4e 00 04 ff 78 56 26 59 e8 59 80 9a 0d 78 d1 41] in buffer)
DEBUG:ant.base.ant:No new data this period
DEBUG:ant.base.ant:Got broadcast data, examine queue to see if we should send anything back
DEBUG:ant.base.ant: - no messages in queue
DEBUG:ant.base.ant:Read data: [a4 0e 4e 00 04 ff 78 56 26 59 e8 59 80 9a 0d 78 d1 41] (now have [a4 0e 4e 00 04 ff 78 56 26 59 e8 59 80 9a 0d 78 d1 41] in buffer)
DEBUG:ant.base.ant:No new data this period
DEBUG:ant.base.ant:Got broadcast data, examine queue to see if we should send anything back
DEBUG:ant.base.ant: - no messages in queue
DEBUG:ant.base.ant:Read data: [a4 0e 4e 00 04 ff 26 59 df 5b e9 59 80 9a 0d 78 d1 ea] (now have [a4 0e 4e 00 04 ff 26 59 df 5b e9 59 80 9a 0d 78 d1 ea] in buffer)
DEBUG:ant.base.ant:Got broadcast data, examine queue to see if we should send anything back
DEBUG:ant.base.ant: - no messages in queue
DEBUG:ant.base.ant:Read data: [a4 0e 4e 00 84 ff 26 59 df 5b e9 59 80 9a 0d 78 d1 6a] (now have [a4 0e 4e 00 84 ff 26 59 df 5b e9 59 80 9a 0d 78 d1 6a] in buffer)
DEBUG:ant.base.ant:Got broadcast data, examine queue to see if we should send anything back
DEBUG:ant.base.ant: - no messages in queue
DEBUG:ant.base.ant:Read data: [a4 0e 4e 00 84 ff 26 59 df 5b e9 59 80 9a 0d 78 d1 6a] (now have [a4 0e 4e 00 84 ff 26 59 df 5b e9 59 80 9a 0d 78 d1 6a] in buffer)
DEBUG:ant.base.ant:No new data this period
DEBUG:ant.base.ant:Got broadcast data, examine queue to see if we should send anything back
DEBUG:ant.base.ant: - no messages in queue
DEBUG:ant.base.ant:Read data: [a4 0e 4e 00 84 ff df 5b b1 5e ea 59 80 9a 0d 78 d1 f9] (now have [a4 0e 4e 00 84 ff df 5b b1 5e ea 59 80 9a 0d 78 d1 f9] in buffer)
DEBUG:ant.base.ant:Got broadcast data, examine queue to see if we should send anything back
DEBUG:ant.base.ant: - no messages in queue
DEBUG:ant.base.ant:Read data: [a4 0e 4e 00 84 ff df 5b b1 5e ea 59 80 9a 0d 78 d1 f9] (now have [a4 0e 4e 00 84 ff df 5b b1 5e ea 59 80 9a 0d 78 d1 f9] in buffer)
DEBUG:ant.base.ant:No new data this period
DEBUG:ant.base.ant:Got broadcast data, examine queue to see if we should send anything back
DEBUG:ant.base.ant: - no messages in queue
DEBUG:ant.base.ant:Read data: [a4 0e 4e 00 01 cf a3 01 b1 5e ea 59 80 9a 0d 78 d1 6a] (now have [a4 0e 4e 00 01 cf a3 01 b1 5e ea 59 80 9a 0d 78 d1 6a] in buffer)
DEBUG:ant.base.ant:Got broadcast data, examine queue to see if we should send anything back
DEBUG:ant.base.ant: - no messages in queue
DEBUG:ant.base.ant:Read data: [a4 0e 4e 00 01 cf a3 01 70 61 eb 58 80 9a 0d 78 d1 94] (now have [a4 0e 4e 00 01 cf a3 01 70 61 eb 58 80 9a 0d 78 d1 94] in buffer)
DEBUG:ant.base.ant:Got broadcast data, examine queue to see if we should send anything back
DEBUG:ant.base.ant: - no messages in queue
DEBUG:ant.base.ant:Read data: [a4 0e 4e 00 01 cf a3 01 70 61 eb 58 80 9a 0d 78 d1 94] (now have [a4 0e 4e 00 01 cf a3 01 70 61 eb 58 80 9a 0d 78 d1 94] in buffer)
DEBUG:ant.base.ant:No new data this period
DEBUG:ant.base.ant:Got broadcast data, examine queue to see if we should send anything back
DEBUG:ant.base.ant: - no messages in queue
DEBUG:ant.base.ant:Read data: [a4 0e 4e 00 01 cf a3 01 19 64 ec 59 80 9a 0d 78 d1 fe] (now have [a4 0e 4e 00 01 cf a3 01 19 64 ec 59 80 9a 0d 78 d1 fe] in buffer)
DEBUG:ant.base.ant:Got broadcast data, examine queue to see if we should send anything back
DEBUG:ant.base.ant: - no messages in queue
DEBUG:ant.base.ant:Read data: [a4 0e 4e 00 84 ff 70 61 19 64 ec 59 80 9a 0d 78 d1 f8] (now have [a4 0e 4e 00 84 ff 70 61 19 64 ec 59 80 9a 0d 78 d1 f8] in buffer)
DEBUG:ant.base.ant:Got broadcast data, examine queue to see if we should send anything back
DEBUG:ant.base.ant: - no messages in queue
DEBUG:ant.base.ant:Read data: [a4 0e 4e 00 84 ff 70 61 19 64 ec 59 80 9a 0d 78 d1 f8] (now have [a4 0e 4e 00 84 ff 70 61 19 64 ec 59 80 9a 0d 78 d1 f8] in buffer)
DEBUG:ant.base.ant:No new data this period
DEBUG:ant.base.ant:Got broadcast data, examine queue to see if we should send anything back
DEBUG:ant.base.ant: - no messages in queue
DEBUG:ant.base.ant:Read data: [a4 0e 4e 00 84 ff 19 64 b3 66 ed 59 80 9a 0d 78 d1 3d] (now have [a4 0e 4e 00 84 ff 19 64 b3 66 ed 59 80 9a 0d 78 d1 3d] in buffer)
DEBUG:ant.base.ant:Got broadcast data, examine queue to see if we should send anything back
DEBUG:ant.base.ant: - no messages in queue
DEBUG:ant.base.ant:Read data: [a4 0e 4e 00 84 ff 19 64 b3 66 ed 59 80 9a 0d 78 d1 3d] (now have [a4 0e 4e 00 84 ff 19 64 b3 66 ed 59 80 9a 0d 78 d1 3d] in buffer)
DEBUG:ant.base.ant:No new data this period
DEBUG:ant.base.ant:Got broadcast data, examine queue to see if we should send anything back
DEBUG:ant.base.ant: - no messages in queue
DEBUG:ant.base.ant:Read data: [a4 0e 4e 00 04 ff 19 64 b3 66 ed 59 80 9a 0d 78 d1 bd] (now have [a4 0e 4e 00 04 ff 19 64 b3 66 ed 59 80 9a 0d 78 d1 bd] in buffer)
DEBUG:ant.base.ant:Got broadcast data, examine queue to see if we should send anything back
DEBUG:ant.base.ant: - no messages in queue
DEBUG:ant.base.ant:Read data: [a4 0e 4e 00 04 ff b3 66 47 69 ee 5a 80 9a 0d 78 d1 ee] (now have [a4 0e 4e 00 04 ff b3 66 47 69 ee 5a 80 9a 0d 78 d1 ee] in buffer)
DEBUG:ant.base.ant:Got broadcast data, examine queue to see if we should send anything back
DEBUG:ant.base.ant: - no messages in queue
DEBUG:ant.base.ant:Read data: [a4 0e 4e 00 04 ff b3 66 47 69 ee 5a 80 9a 0d 78 d1 ee] (now have [a4 0e 4e 00 04 ff b3 66 47 69 ee 5a 80 9a 0d 78 d1 ee] in buffer)
DEBUG:ant.base.ant:No new data this period
DEBUG:ant.base.ant:Got broadcast data, examine queue to see if we should send anything back
DEBUG:ant.base.ant: - no messages in queue
DEBUG:ant.base.ant:Read data: [a4 0e 4e 00 04 ff 47 69 d1 6b ef 5a 80 9a 0d 78 d1 80] (now have [a4 0e 4e 00 04 ff 47 69 d1 6b ef 5a 80 9a 0d 78 d1 80] in buffer)
DEBUG:ant.base.ant:Got broadcast data, examine queue to see if we should send anything back
DEBUG:ant.base.ant: - no messages in queue
DEBUG:ant.base.ant:Read data: [a4 0e 4e 00 84 ff 47 69 d1 6b ef 5a 80 9a 0d 78 d1 00] (now have [a4 0e 4e 00 84 ff 47 69 d1 6b ef 5a 80 9a 0d 78 d1 00] in buffer)
DEBUG:ant.base.ant:Got broadcast data, examine queue to see if we should send anything back
DEBUG:ant.base.ant: - no messages in queue
DEBUG:ant.base.ant:Read data: [a4 0e 4e 00 84 ff 47 69 d1 6b ef 5a 80 9a 0d 78 d1 00] (now have [a4 0e 4e 00 84 ff 47 69 d1 6b ef 5a 80 9a 0d 78 d1 00] in buffer)
DEBUG:ant.base.ant:No new data this period
DEBUG:ant.base.ant:Got broadcast data, examine queue to see if we should send anything back
DEBUG:ant.base.ant: - no messages in queue
DEBUG:ant.base.ant:Read data: [a4 0e 4e 00 84 ff d1 6b 5c 6e f0 5b 80 9a 0d 78 d1 02] (now have [a4 0e 4e 00 84 ff d1 6b 5c 6e f0 5b 80 9a 0d 78 d1 02] in buffer)
DEBUG:ant.base.ant:Got broadcast data, examine queue to see if we should send anything back
DEBUG:ant.base.ant: - no messages in queue
DEBUG:ant.base.ant:Read data: [a4 0e 4e 00 84 ff d1 6b 5c 6e f0 5b 80 9a 0d 78 d1 02] (now have [a4 0e 4e 00 84 ff d1 6b 5c 6e f0 5b 80 9a 0d 78 d1 02] in buffer)
DEBUG:ant.base.ant:No new data this period
DEBUG:ant.base.ant:Got broadcast data, examine queue to see if we should send anything back
DEBUG:ant.base.ant: - no messages in queue
DEBUG:ant.base.ant:Read data: [a4 0e 4e 00 04 ff 5c 6e ec 70 f1 5b 80 9a 0d 78 d1 a5] (now have [a4 0e 4e 00 04 ff 5c 6e ec 70 f1 5b 80 9a 0d 78 d1 a5] in buffer)
DEBUG:ant.base.ant:Got broadcast data, examine queue to see if we should send anything back
DEBUG:ant.base.ant: - no messages in queue
DEBUG:ant.base.ant:Read data: [a4 0e 4e 00 04 ff 5c 6e ec 70 f1 5b 80 9a 0d 78 d1 a5] (now have [a4 0e 4e 00 04 ff 5c 6e ec 70 f1 5b 80 9a 0d 78 d1 a5] in buffer)
DEBUG:ant.base.ant:No new data this period
DEBUG:ant.base.ant:Got broadcast data, examine queue to see if we should send anything back
DEBUG:ant.base.ant: - no messages in queue
DEBUG:ant.base.ant:Read data: [a4 0e 4e 00 04 ff 5c 6e ec 70 f1 5b 80 9a 0d 78 d1 a5] (now have [a4 0e 4e 00 04 ff 5c 6e ec 70 f1 5b 80 9a 0d 78 d1 a5] in buffer)
DEBUG:ant.base.ant:No new data this period
DEBUG:ant.base.ant:Got broadcast data, examine queue to see if we should send anything back
DEBUG:ant.base.ant: - no messages in queue
DEBUG:ant.base.ant:Read data: [a4 0e 4e 00 84 ff ec 70 86 73 f2 5b 80 9a 0d 78 d1 e1] (now have [a4 0e 4e 00 84 ff ec 70 86 73 f2 5b 80 9a 0d 78 d1 e1] in buffer)
DEBUG:ant.base.ant:Got broadcast data, examine queue to see if we should send anything back
DEBUG:ant.base.ant: - no messages in queue
DEBUG:ant.base.ant:Read data: [a4 0e 4e 00 84 ff ec 70 86 73 f2 5b 80 9a 0d 78 d1 e1] (now have [a4 0e 4e 00 84 ff ec 70 86 73 f2 5b 80 9a 0d 78 d1 e1] in buffer)
DEBUG:ant.base.ant:No new data this period
DEBUG:ant.base.ant:Got broadcast data, examine queue to see if we should send anything back
DEBUG:ant.base.ant: - no messages in queue
DEBUG:ant.base.ant:Read data: [a4 0e 4e 00 84 ff 86 73 50 76 f3 5a 80 9a 0d 78 d1 5b] (now have [a4 0e 4e 00 84 ff 86 73 50 76 f3 5a 80 9a 0d 78 d1 5b] in buffer)
DEBUG:ant.base.ant:Got broadcast data, examine queue to see if we should send anything back
DEBUG:ant.base.ant: - no messages in queue
DEBUG:ant.base.ant:Read data: [a4 0e 4e 00 84 ff 86 73 50 76 f3 5a 80 9a 0d 78 d1 5b] (now have [a4 0e 4e 00 84 ff 86 73 50 76 f3 5a 80 9a 0d 78 d1 5b] in buffer)
DEBUG:ant.base.ant:No new data this period
DEBUG:ant.base.ant:Got broadcast data, examine queue to see if we should send anything back
DEBUG:ant.base.ant: - no messages in queue
DEBUG:ant.base.ant:Read data: [a4 0e 4e 00 04 ff 86 73 50 76 f3 5a 80 9a 0d 78 d1 db] (now have [a4 0e 4e 00 04 ff 86 73 50 76 f3 5a 80 9a 0d 78 d1 db] in buffer)
DEBUG:ant.base.ant:Got broadcast data, examine queue to see if we should send anything back
DEBUG:ant.base.ant: - no messages in queue
DEBUG:ant.base.ant:Read data: [a4 0e 4e 00 04 ff 50 76 73 79 f3 5a 80 9a 0d 78 d1 24] (now have [a4 0e 4e 00 04 ff 50 76 73 79 f3 5a 80 9a 0d 78 d1 24] in buffer)
DEBUG:ant.base.ant:Got broadcast data, examine queue to see if we should send anything back
DEBUG:ant.base.ant: - no messages in queue
DEBUG:ant.base.ant:Read data: [a4 0e 4e 00 04 ff 50 76 73 79 f3 5a 80 9a 0d 78 d1 24] (now have [a4 0e 4e 00 04 ff 50 76 73 79 f3 5a 80 9a 0d 78 d1 24] in buffer)
DEBUG:ant.base.ant:No new data this period
DEBUG:ant.base.ant:Got broadcast data, examine queue to see if we should send anything back
DEBUG:ant.base.ant: - no messages in queue
DEBUG:ant.base.ant:Read data: [a4 0e 4e 00 04 ff 50 76 73 79 f3 5a 80 9a 0d 78 d1 24] (now have [a4 0e 4e 00 04 ff 50 76 73 79 f3 5a 80 9a 0d 78 d1 24] in buffer)
DEBUG:ant.base.ant:No new data this period
DEBUG:ant.base.ant:Got broadcast data, examine queue to see if we should send anything back
DEBUG:ant.base.ant: - no messages in queue
DEBUG:ant.base.ant:Read data: [a4 0e 4e 00 84 ff 73 79 99 7c f3 5a 80 9a 0d 78 d1 67] (now have [a4 0e 4e 00 84 ff 73 79 99 7c f3 5a 80 9a 0d 78 d1 67] in buffer)
DEBUG:ant.base.ant:Got broadcast data, examine queue to see if we should send anything back
DEBUG:ant.base.ant: - no messages in queue
DEBUG:ant.base.ant:Read data: [a4 0e 4e 00 84 ff 73 79 99 7c f3 5a 80 9a 0d 78 d1 67] (now have [a4 0e 4e 00 84 ff 73 79 99 7c f3 5a 80 9a 0d 78 d1 67] in buffer)
DEBUG:ant.base.ant:No new data this period
DEBUG:ant.base.ant:Got broadcast data, examine queue to see if we should send anything back
DEBUG:ant.base.ant: - no messages in queue
DEBUG:ant.base.ant:Read data: [a4 0e 4e 00 84 ff 73 79 99 7c f3 5a 80 9a 0d 78 d1 67] (now have [a4 0e 4e 00 84 ff 73 79 99 7c f3 5a 80 9a 0d 78 d1 67] in buffer)
DEBUG:ant.base.ant:No new data this period
DEBUG:ant.base.ant:Got broadcast data, examine queue to see if we should send anything back
DEBUG:ant.base.ant: - no messages in queue
DEBUG:ant.base.ant:Read data: [a4 0e 4e 00 84 ff 99 7c b3 7f f3 5a 80 9a 0d 78 d1 a1] (now have [a4 0e 4e 00 84 ff 99 7c b3 7f f3 5a 80 9a 0d 78 d1 a1] in buffer)
DEBUG:ant.base.ant:Got broadcast data, examine queue to see if we should send anything back
DEBUG:ant.base.ant: - no messages in queue
DEBUG:ant.base.ant:Read data: [a4 0e 4e 00 04 ff 99 7c b3 7f f3 5a 80 9a 0d 78 d1 21] (now have [a4 0e 4e 00 04 ff 99 7c b3 7f f3 5a 80 9a 0d 78 d1 21] in buffer)
DEBUG:ant.base.ant:Got broadcast data, examine queue to see if we should send anything back
DEBUG:ant.base.ant: - no messages in queue
DEBUG:ant.base.ant:Read data: [a4 0e 4e 00 04 ff 99 7c b3 7f f3 5a 80 9a 0d 78 d1 21] (now have [a4 0e 4e 00 04 ff 99 7c b3 7f f3 5a 80 9a 0d 78 d1 21] in buffer)
DEBUG:ant.base.ant:No new data this period
DEBUG:ant.base.ant:Got broadcast data, examine queue to see if we should send anything back
DEBUG:ant.base.ant: - no messages in queue
DEBUG:ant.base.ant:Read data: [a4 0e 4e 00 84 ff b3 7f e6 82 f3 5a 80 9a 0d 78 d1 20] (now have [a4 0e 4e 00 84 ff b3 7f e6 82 f3 5a 80 9a 0d 78 d1 20] in buffer)
DEBUG:ant.base.ant:Got broadcast data, examine queue to see if we should send anything back
DEBUG:ant.base.ant: - no messages in queue
DEBUG:ant.base.ant:Read data: [a4 0e 4e 00 84 ff b3 7f e6 82 f3 5a 80 9a 0d 78 d1 20] (now have [a4 0e 4e 00 84 ff b3 7f e6 82 f3 5a 80 9a 0d 78 d1 20] in buffer)
DEBUG:ant.base.ant:No new data this period
DEBUG:ant.base.ant:Got broadcast data, examine queue to see if we should send anything back
DEBUG:ant.base.ant: - no messages in queue
DEBUG:ant.base.ant:Read data: [a4 0e 4e 00 84 ff e6 82 1f 86 f3 5a 80 9a 0d 78 d1 75] (now have [a4 0e 4e 00 84 ff e6 82 1f 86 f3 5a 80 9a 0d 78 d1 75] in buffer)
DEBUG:ant.base.ant:Got broadcast data, examine queue to see if we should send anything back
DEBUG:ant.base.ant: - no messages in queue
DEBUG:ant.base.ant:Read data: [a4 0e 4e 00 84 ff e6 82 1f 86 f3 5a 80 9a 0d 78 d1 75] (now have [a4 0e 4e 00 84 ff e6 82 1f 86 f3 5a 80 9a 0d 78 d1 75] in buffer)
DEBUG:ant.base.ant:No new data this period
DEBUG:ant.base.ant:Got broadcast data, examine queue to see if we should send anything back
DEBUG:ant.base.ant: - no messages in queue
DEBUG:ant.base.ant:Read data: [a4 0e 4e 00 04 ff e6 82 1f 86 f3 5a 80 9a 0d 78 d1 f5] (now have [a4 0e 4e 00 04 ff e6 82 1f 86 f3 5a 80 9a 0d 78 d1 f5] in buffer)
DEBUG:ant.base.ant:Got broadcast data, examine queue to see if we should send anything back
DEBUG:ant.base.ant: - no messages in queue
DEBUG:ant.base.ant:Read data: [a4 0e 4e 00 04 ff 1f 86 30 89 f3 5a 80 9a 0d 78 d1 28] (now have [a4 0e 4e 00 04 ff 1f 86 30 89 f3 5a 80 9a 0d 78 d1 28] in buffer)
DEBUG:ant.base.ant:Got broadcast data, examine queue to see if we should send anything back
DEBUG:ant.base.ant: - no messages in queue
DEBUG:ant.base.ant:Read data: [a4 0e 4e 00 84 ff 30 89 0a 8c f4 5a 80 9a 0d 78 d1 b0] (now have [a4 0e 4e 00 84 ff 30 89 0a 8c f4 5a 80 9a 0d 78 d1 b0] in buffer)
DEBUG:ant.base.ant:Got broadcast data, examine queue to see if we should send anything back
DEBUG:ant.base.ant: - no messages in queue
DEBUG:ant.base.ant:Read data: [a4 0e 4e 00 84 ff 30 89 0a 8c f4 5a 80 9a 0d 78 d1 b0] (now have [a4 0e 4e 00 84 ff 30 89 0a 8c f4 5a 80 9a 0d 78 d1 b0] in buffer)
DEBUG:ant.base.ant:No new data this period
DEBUG:ant.base.ant:Got broadcast data, examine queue to see if we should send anything back
DEBUG:ant.base.ant: - no messages in queue
DEBUG:ant.base.ant:Read data: [a4 0e 4e 00 84 ff 30 89 0a 8c f4 5a 80 9a 0d 78 d1 b0] (now have [a4 0e 4e 00 84 ff 30 89 0a 8c f4 5a 80 9a 0d 78 d1 b0] in buffer)
DEBUG:ant.base.ant:No new data this period
DEBUG:ant.base.ant:Got broadcast data, examine queue to see if we should send anything back
DEBUG:ant.base.ant: - no messages in queue
DEBUG:ant.base.ant:Read data: [a4 0e 4e 00 84 ff 0a 8c d8 8e f5 59 80 9a 0d 78 d1 5d] (now have [a4 0e 4e 00 84 ff 0a 8c d8 8e f5 59 80 9a 0d 78 d1 5d] in buffer)
DEBUG:ant.base.ant:Got broadcast data, examine queue to see if we should send anything back
DEBUG:ant.base.ant: - no messages in queue
DEBUG:ant.base.ant:Read data: [a4 0e 4e 00 04 ff 0a 8c d8 8e f5 59 80 9a 0d 78 d1 dd] (now have [a4 0e 4e 00 04 ff 0a 8c d8 8e f5 59 80 9a 0d 78 d1 dd] in buffer)
DEBUG:ant.base.ant:Got broadcast data, examine queue to see if we should send anything back
DEBUG:ant.base.ant: - no messages in queue
DEBUG:ant.base.ant:Read data: [a4 0e 4e 00 04 ff d8 8e 8e 91 f6 59 80 9a 0d 78 d1 47] (now have [a4 0e 4e 00 04 ff d8 8e 8e 91 f6 59 80 9a 0d 78 d1 47] in buffer)
DEBUG:ant.base.ant:Got broadcast data, examine queue to see if we should send anything back
DEBUG:ant.base.ant: - no messages in queue
DEBUG:ant.base.ant:Read data: [a4 0e 4e 00 04 ff d8 8e 8e 91 f6 59 80 9a 0d 78 d1 47] (now have [a4 0e 4e 00 04 ff d8 8e 8e 91 f6 59 80 9a 0d 78 d1 47] in buffer)
DEBUG:ant.base.ant:No new data this period
DEBUG:ant.base.ant:Got broadcast data, examine queue to see if we should send anything back
DEBUG:ant.base.ant: - no messages in queue
DEBUG:ant.base.ant:Read data: [a4 0e 4e 00 84 ff 8e 91 39 94 f7 59 80 9a 0d 78 d1 3d] (now have [a4 0e 4e 00 84 ff 8e 91 39 94 f7 59 80 9a 0d 78 d1 3d] in buffer)
DEBUG:ant.base.ant:Got broadcast data, examine queue to see if we should send anything back
DEBUG:ant.base.ant: - no messages in queue
DEBUG:ant.base.ant:Read data: [a4 0e 4e 00 84 ff 8e 91 39 94 f7 59 80 9a 0d 78 d1 3d] (now have [a4 0e 4e 00 84 ff 8e 91 39 94 f7 59 80 9a 0d 78 d1 3d] in buffer)
DEBUG:ant.base.ant:No new data this period
DEBUG:ant.base.ant:Got broadcast data, examine queue to see if we should send anything back
DEBUG:ant.base.ant: - no messages in queue
WARNING:ant.base.ant:<class 'usb.core.USBTimeoutError'>, (60, 'Operation timed out')
DEBUG:ant.base.ant:Read data: [a4 0e 4e 00 04 ff d6 96 6c 99 f9 59 80 9a 0d 78 d1 b4] (now have [a4 0e 4e 00 04 ff d6 96 6c 99 f9 59 80 9a 0d 78 d1 b4] in buffer)
DEBUG:ant.base.ant:Got broadcast data, examine queue to see if we should send anything back
DEBUG:ant.base.ant: - no messages in queue
DEBUG:ant.base.ant:Read data: [a4 0e 4e 00 04 ff d6 96 6c 99 f9 59 80 9a 0d 78 d1 b4] (now have [a4 0e 4e 00 04 ff d6 96 6c 99 f9 59 80 9a 0d 78 d1 b4] in buffer)
DEBUG:ant.base.ant:No new data this period
DEBUG:ant.base.ant:Got broadcast data, examine queue to see if we should send anything back
DEBUG:ant.base.ant: - no messages in queue
DEBUG:ant.base.ant:Read data: [a4 0e 4e 00 84 ff 6c 99 f9 9b fa 5a 80 9a 0d 78 d1 16] (now have [a4 0e 4e 00 84 ff 6c 99 f9 9b fa 5a 80 9a 0d 78 d1 16] in buffer)
DEBUG:ant.base.ant:Got broadcast data, examine queue to see if we should send anything back
DEBUG:ant.base.ant: - no messages in queue
DEBUG:ant.base.ant:Read data: [a4 0e 4e 00 84 ff 6c 99 f9 9b fa 5a 80 9a 0d 78 d1 16] (now have [a4 0e 4e 00 84 ff 6c 99 f9 9b fa 5a 80 9a 0d 78 d1 16] in buffer)
DEBUG:ant.base.ant:No new data this period
DEBUG:ant.base.ant:Got broadcast data, examine queue to see if we should send anything back
DEBUG:ant.base.ant: - no messages in queue
DEBUG:ant.base.ant:Read data: [a4 0e 4e 00 04 ff f9 9b 83 9e fb 5b 80 9a 0d 78 d1 7e] (now have [a4 0e 4e 00 04 ff f9 9b 83 9e fb 5b 80 9a 0d 78 d1 7e] in buffer)
DEBUG:ant.base.ant:Got broadcast data, examine queue to see if we should send anything back
DEBUG:ant.base.ant: - no messages in queue
DEBUG:ant.base.ant:Read data: [a4 0e 4e 00 04 ff 83 9e 11 a1 fc 5b 80 9a 0d 78 d1 ab] (now have [a4 0e 4e 00 04 ff 83 9e 11 a1 fc 5b 80 9a 0d 78 d1 ab] in buffer)
DEBUG:ant.base.ant:Got broadcast data, examine queue to see if we should send anything back
DEBUG:ant.base.ant: - no messages in queue
DEBUG:ant.base.ant:Read data: [a4 0e 4e 00 04 ff 83 9e 11 a1 fc 5b 80 9a 0d 78 d1 ab] (now have [a4 0e 4e 00 04 ff 83 9e 11 a1 fc 5b 80 9a 0d 78 d1 ab] in buffer)
DEBUG:ant.base.ant:No new data this period
DEBUG:ant.base.ant:Got broadcast data, examine queue to see if we should send anything back
DEBUG:ant.base.ant: - no messages in queue
DEBUG:ant.base.ant:Read data: [a4 0e 4e 00 04 ff 83 9e 11 a1 fc 5b 80 9a 0d 78 d1 ab] (now have [a4 0e 4e 00 04 ff 83 9e 11 a1 fc 5b 80 9a 0d 78 d1 ab] in buffer)
DEBUG:ant.base.ant:No new data this period
DEBUG:ant.base.ant:Got broadcast data, examine queue to see if we should send anything back
DEBUG:ant.base.ant: - no messages in queue
DEBUG:ant.base.ant:Read data: [a4 0e 4e 00 82 01 1d c6 9f a3 fd 5b 80 9a 0d 78 d1 98] (now have [a4 0e 4e 00 82 01 1d c6 9f a3 fd 5b 80 9a 0d 78 d1 98] in buffer)
DEBUG:ant.base.ant:Got broadcast data, examine queue to see if we should send anything back
DEBUG:ant.base.ant: - no messages in queue
DEBUG:ant.base.ant:Read data: [a4 0e 4e 00 82 01 1d c6 25 a6 fe 5c 80 9a 0d 78 d1 23] (now have [a4 0e 4e 00 82 01 1d c6 25 a6 fe 5c 80 9a 0d 78 d1 23] in buffer)
DEBUG:ant.base.ant:Got broadcast data, examine queue to see if we should send anything back
DEBUG:ant.base.ant: - no messages in queue
DEBUG:ant.base.ant:Read data: [a4 0e 4e 00 82 01 1d c6 25 a6 fe 5c 80 9a 0d 78 d1 23] (now have [a4 0e 4e 00 82 01 1d c6 25 a6 fe 5c 80 9a 0d 78 d1 23] in buffer)
DEBUG:ant.base.ant:No new data this period
DEBUG:ant.base.ant:Got broadcast data, examine queue to see if we should send anything back
DEBUG:ant.base.ant: - no messages in queue
DEBUG:ant.base.ant:Read data: [a4 0e 4e 00 04 ff 9f a3 25 a6 fe 5c 80 9a 0d 78 d1 bc] (now have [a4 0e 4e 00 04 ff 9f a3 25 a6 fe 5c 80 9a 0d 78 d1 bc] in buffer)
DEBUG:ant.base.ant:Got broadcast data, examine queue to see if we should send anything back
DEBUG:ant.base.ant: - no messages in queue
DEBUG:ant.base.ant:Read data: [a4 0e 4e 00 04 ff 25 a6 b1 a8 ff 5c 80 9a 0d 78 d1 98] (now have [a4 0e 4e 00 04 ff 25 a6 b1 a8 ff 5c 80 9a 0d 78 d1 98] in buffer)
DEBUG:ant.base.ant:Got broadcast data, examine queue to see if we should send anything back
DEBUG:ant.base.ant: - no messages in queue
DEBUG:ant.base.ant:Read data: [a4 0e 4e 00 04 ff 25 a6 b1 a8 ff 5c 80 9a 0d 78 d1 98] (now have [a4 0e 4e 00 04 ff 25 a6 b1 a8 ff 5c 80 9a 0d 78 d1 98] in buffer)
DEBUG:ant.base.ant:No new data this period
DEBUG:ant.base.ant:Got broadcast data, examine queue to see if we should send anything back
DEBUG:ant.base.ant: - no messages in queue
DEBUG:ant.base.ant:Read data: [a4 0e 4e 00 84 ff b1 a8 3a ab 00 5c 80 9a 0d 78 d1 f5] (now have [a4 0e 4e 00 84 ff b1 a8 3a ab 00 5c 80 9a 0d 78 d1 f5] in buffer)
DEBUG:ant.base.ant:Got broadcast data, examine queue to see if we should send anything back
DEBUG:ant.base.ant: - no messages in queue
DEBUG:ant.base.ant:Read data: [a4 0e 4e 00 84 ff 3a ab d0 ad 01 5c 80 9a 0d 78 d1 90] (now have [a4 0e 4e 00 84 ff 3a ab d0 ad 01 5c 80 9a 0d 78 d1 90] in buffer)
DEBUG:ant.base.ant:Got broadcast data, examine queue to see if we should send anything back
DEBUG:ant.base.ant: - no messages in queue
DEBUG:ant.base.ant:Read data: [a4 0e 4e 00 84 ff 3a ab d0 ad 01 5c 80 9a 0d 78 d1 90] (now have [a4 0e 4e 00 84 ff 3a ab d0 ad 01 5c 80 9a 0d 78 d1 90] in buffer)
DEBUG:ant.base.ant:No new data this period
DEBUG:ant.base.ant:Got broadcast data, examine queue to see if we should send anything back
DEBUG:ant.base.ant: - no messages in queue
DEBUG:ant.base.ant:Read data: [a4 0e 4e 00 04 ff d0 ad 74 b0 02 5c 80 9a 0d 78 d1 46] (now have [a4 0e 4e 00 04 ff d0 ad 74 b0 02 5c 80 9a 0d 78 d1 46] in buffer)
DEBUG:ant.base.ant:Got broadcast data, examine queue to see if we should send anything back
DEBUG:ant.base.ant: - no messages in queue
DEBUG:ant.base.ant:Read data: [a4 0e 4e 00 84 ff 74 b0 0c b3 03 5c 80 9a 0d 78 d1 05] (now have [a4 0e 4e 00 84 ff 74 b0 0c b3 03 5c 80 9a 0d 78 d1 05] in buffer)
DEBUG:ant.base.ant:Got broadcast data, examine queue to see if we should send anything back
DEBUG:ant.base.ant: - no messages in queue
DEBUG:ant.base.ant:Read data: [a4 0e 4e 00 84 ff 74 b0 0c b3 03 5c 80 9a 0d 78 d1 05] (now have [a4 0e 4e 00 84 ff 74 b0 0c b3 03 5c 80 9a 0d 78 d1 05] in buffer)
DEBUG:ant.base.ant:No new data this period
DEBUG:ant.base.ant:Got broadcast data, examine queue to see if we should send anything back
DEBUG:ant.base.ant: - no messages in queue
DEBUG:ant.base.ant:Read data: [a4 0e 4e 00 84 ff 0c b3 99 b5 04 5c 80 9a 0d 78 d1 ea] (now have [a4 0e 4e 00 84 ff 0c b3 99 b5 04 5c 80 9a 0d 78 d1 ea] in buffer)
DEBUG:ant.base.ant:Got broadcast data, examine queue to see if we should send anything back
DEBUG:ant.base.ant: - no messages in queue
DEBUG:ant.base.ant:Read data: [a4 0e 4e 00 84 ff 0c b3 99 b5 04 5c 80 9a 0d 78 d1 ea] (now have [a4 0e 4e 00 84 ff 0c b3 99 b5 04 5c 80 9a 0d 78 d1 ea] in buffer)
DEBUG:ant.base.ant:No new data this period
DEBUG:ant.base.ant:Got broadcast data, examine queue to see if we should send anything back
DEBUG:ant.base.ant: - no messages in queue
DEBUG:ant.base.ant:Read data: [a4 0e 4e 00 04 ff 0c b3 99 b5 04 5c 80 9a 0d 78 d1 6a] (now have [a4 0e 4e 00 04 ff 0c b3 99 b5 04 5c 80 9a 0d 78 d1 6a] in buffer)
DEBUG:ant.base.ant:Got broadcast data, examine queue to see if we should send anything back
DEBUG:ant.base.ant: - no messages in queue
DEBUG:ant.base.ant:Read data: [a4 0e 4e 00 04 ff 99 b5 24 b8 05 5c 80 9a 0d 78 d1 48] (now have [a4 0e 4e 00 04 ff 99 b5 24 b8 05 5c 80 9a 0d 78 d1 48] in buffer)
DEBUG:ant.base.ant:Got broadcast data, examine queue to see if we should send anything back
DEBUG:ant.base.ant: - no messages in queue
DEBUG:ant.base.ant:Read data: [a4 0e 4e 00 04 ff 99 b5 24 b8 05 5c 80 9a 0d 78 d1 48] (now have [a4 0e 4e 00 04 ff 99 b5 24 b8 05 5c 80 9a 0d 78 d1 48] in buffer)
DEBUG:ant.base.ant:No new data this period
DEBUG:ant.base.ant:Got broadcast data, examine queue to see if we should send anything back
DEBUG:ant.base.ant: - no messages in queue
DEBUG:ant.base.ant:Read data: [a4 0e 4e 00 04 ff 24 b8 a9 ba 06 5d 80 9a 0d 78 d1 75] (now have [a4 0e 4e 00 04 ff 24 b8 a9 ba 06 5d 80 9a 0d 78 d1 75] in buffer)
DEBUG:ant.base.ant:Got broadcast data, examine queue to see if we should send anything back
DEBUG:ant.base.ant: - no messages in queue
DEBUG:ant.base.ant:Read data: [a4 0e 4e 00 84 ff 24 b8 a9 ba 06 5d 80 9a 0d 78 d1 f5] (now have [a4 0e 4e 00 84 ff 24 b8 a9 ba 06 5d 80 9a 0d 78 d1 f5] in buffer)
DEBUG:ant.base.ant:Got broadcast data, examine queue to see if we should send anything back
DEBUG:ant.base.ant: - no messages in queue
DEBUG:ant.base.ant:Read data: [a4 0e 4e 00 84 ff 24 b8 a9 ba 06 5d 80 9a 0d 78 d1 f5] (now have [a4 0e 4e 00 84 ff 24 b8 a9 ba 06 5d 80 9a 0d 78 d1 f5] in buffer)
DEBUG:ant.base.ant:No new data this period
DEBUG:ant.base.ant:Got broadcast data, examine queue to see if we should send anything back
DEBUG:ant.base.ant: - no messages in queue
DEBUG:ant.base.ant:Read data: [a4 0e 4e 00 84 ff a9 ba 2d bd 07 5d 80 9a 0d 78 d1 f8] (now have [a4 0e 4e 00 84 ff a9 ba 2d bd 07 5d 80 9a 0d 78 d1 f8] in buffer)
DEBUG:ant.base.ant:Got broadcast data, examine queue to see if we should send anything back
DEBUG:ant.base.ant: - no messages in queue
DEBUG:ant.base.ant:Read data: [a4 0e 4e 00 84 ff a9 ba 2d bd 07 5d 80 9a 0d 78 d1 f8] (now have [a4 0e 4e 00 84 ff a9 ba 2d bd 07 5d 80 9a 0d 78 d1 f8] in buffer)
DEBUG:ant.base.ant:No new data this period
DEBUG:ant.base.ant:Got broadcast data, examine queue to see if we should send anything back
DEBUG:ant.base.ant: - no messages in queue
DEBUG:ant.base.ant:Read data: [a4 0e 4e 00 04 ff 2d bd b9 bf 08 5d 80 9a 0d 78 d1 62] (now have [a4 0e 4e 00 04 ff 2d bd b9 bf 08 5d 80 9a 0d 78 d1 62] in buffer)
DEBUG:ant.base.ant:Got broadcast data, examine queue to see if we should send anything back
DEBUG:ant.base.ant: - no messages in queue
DEBUG:ant.base.ant:Read data: [a4 0e 4e 00 04 ff 2d bd b9 bf 08 5d 80 9a 0d 78 d1 62] (now have [a4 0e 4e 00 04 ff 2d bd b9 bf 08 5d 80 9a 0d 78 d1 62] in buffer)
DEBUG:ant.base.ant:No new data this period
DEBUG:ant.base.ant:Got broadcast data, examine queue to see if we should send anything back
DEBUG:ant.base.ant: - no messages in queue
DEBUG:ant.base.ant:Read data: [a4 0e 4e 00 04 ff 2d bd b9 bf 08 5d 80 9a 0d 78 d1 62] (now have [a4 0e 4e 00 04 ff 2d bd b9 bf 08 5d 80 9a 0d 78 d1 62] in buffer)
DEBUG:ant.base.ant:No new data this period
DEBUG:ant.base.ant:Got broadcast data, examine queue to see if we should send anything back
DEBUG:ant.base.ant: - no messages in queue
DEBUG:ant.base.ant:Read data: [a4 0e 4e 00 04 ff b9 bf 42 c2 09 5d 80 9a 0d 78 d1 73] (now have [a4 0e 4e 00 04 ff b9 bf 42 c2 09 5d 80 9a 0d 78 d1 73] in buffer)
DEBUG:ant.base.ant:Got broadcast data, examine queue to see if we should send anything back
DEBUG:ant.base.ant: - no messages in queue
DEBUG:ant.base.ant:Read data: [a4 0e 4e 00 84 ff b9 bf 42 c2 09 5d 80 9a 0d 78 d1 f3] (now have [a4 0e 4e 00 84 ff b9 bf 42 c2 09 5d 80 9a 0d 78 d1 f3] in buffer)
DEBUG:ant.base.ant:Got broadcast data, examine queue to see if we should send anything back
DEBUG:ant.base.ant: - no messages in queue
DEBUG:ant.base.ant:Read data: [a4 0e 4e 00 84 ff b9 bf 42 c2 09 5d 80 9a 0d 78 d1 f3] (now have [a4 0e 4e 00 84 ff b9 bf 42 c2 09 5d 80 9a 0d 78 d1 f3] in buffer)
DEBUG:ant.base.ant:No new data this period
DEBUG:ant.base.ant:Got broadcast data, examine queue to see if we should send anything back
DEBUG:ant.base.ant: - no messages in queue
DEBUG:ant.base.ant:Read data: [a4 0e 4e 00 84 ff 42 c2 c5 c4 0a 5d 80 9a 0d 78 d1 f7] (now have [a4 0e 4e 00 84 ff 42 c2 c5 c4 0a 5d 80 9a 0d 78 d1 f7] in buffer)
DEBUG:ant.base.ant:Got broadcast data, examine queue to see if we should send anything back
DEBUG:ant.base.ant: - no messages in queue
DEBUG:ant.base.ant:Read data: [a4 0e 4e 00 84 ff 42 c2 c5 c4 0a 5d 80 9a 0d 78 d1 f7] (now have [a4 0e 4e 00 84 ff 42 c2 c5 c4 0a 5d 80 9a 0d 78 d1 f7] in buffer)
DEBUG:ant.base.ant:No new data this period
DEBUG:ant.base.ant:Got broadcast data, examine queue to see if we should send anything back
DEBUG:ant.base.ant: - no messages in queue
DEBUG:ant.base.ant:Read data: [a4 0e 4e 00 04 ff c5 c4 4b c7 0b 5e 80 9a 0d 78 d1 79] (now have [a4 0e 4e 00 04 ff c5 c4 4b c7 0b 5e 80 9a 0d 78 d1 79] in buffer)
DEBUG:ant.base.ant:Got broadcast data, examine queue to see if we should send anything back
DEBUG:ant.base.ant: - no messages in queue
DEBUG:ant.base.ant:Read data: [a4 0e 4e 00 04 ff c5 c4 4b c7 0b 5e 80 9a 0d 78 d1 79] (now have [a4 0e 4e 00 04 ff c5 c4 4b c7 0b 5e 80 9a 0d 78 d1 79] in buffer)
DEBUG:ant.base.ant:No new data this period
DEBUG:ant.base.ant:Got broadcast data, examine queue to see if we should send anything back
DEBUG:ant.base.ant: - no messages in queue
DEBUG:ant.base.ant:Read data: [a4 0e 4e 00 04 ff c5 c4 4b c7 0b 5e 80 9a 0d 78 d1 79] (now have [a4 0e 4e 00 04 ff c5 c4 4b c7 0b 5e 80 9a 0d 78 d1 79] in buffer)
DEBUG:ant.base.ant:No new data this period
DEBUG:ant.base.ant:Got broadcast data, examine queue to see if we should send anything back
DEBUG:ant.base.ant: - no messages in queue
DEBUG:ant.base.ant:Read data: [a4 0e 4e 00 04 ff 4b c7 dd c9 0c 5e 80 9a 0d 78 d1 6b] (now have [a4 0e 4e 00 04 ff 4b c7 dd c9 0c 5e 80 9a 0d 78 d1 6b] in buffer)
DEBUG:ant.base.ant:Got broadcast data, examine queue to see if we should send anything back
DEBUG:ant.base.ant: - no messages in queue
DEBUG:ant.base.ant:Read data: [a4 0e 4e 00 84 ff 4b c7 dd c9 0c 5e 80 9a 0d 78 d1 eb] (now have [a4 0e 4e 00 84 ff 4b c7 dd c9 0c 5e 80 9a 0d 78 d1 eb] in buffer)
DEBUG:ant.base.ant:Got broadcast data, examine queue to see if we should send anything back
DEBUG:ant.base.ant: - no messages in queue
DEBUG:ant.base.ant:Read data: [a4 0e 4e 00 84 ff dd c9 9b cc 0d 5d 80 9a 0d 78 d1 32] (now have [a4 0e 4e 00 84 ff dd c9 9b cc 0d 5d 80 9a 0d 78 d1 32] in buffer)
DEBUG:ant.base.ant:Got broadcast data, examine queue to see if we should send anything back
DEBUG:ant.base.ant: - no messages in queue
DEBUG:ant.base.ant:Read data: [a4 0e 4e 00 84 ff dd c9 9b cc 0d 5d 80 9a 0d 78 d1 32] (now have [a4 0e 4e 00 84 ff dd c9 9b cc 0d 5d 80 9a 0d 78 d1 32] in buffer)
DEBUG:ant.base.ant:No new data this period
DEBUG:ant.base.ant:Got broadcast data, examine queue to see if we should send anything back
DEBUG:ant.base.ant: - no messages in queue
DEBUG:ant.base.ant:Read data: [a4 0e 4e 00 04 ff 9b cc 7e cf 0e 5b 80 9a 0d 78 d1 12] (now have [a4 0e 4e 00 04 ff 9b cc 7e cf 0e 5b 80 9a 0d 78 d1 12] in buffer)
DEBUG:ant.base.ant:Got broadcast data, examine queue to see if we should send anything back
DEBUG:ant.base.ant: - no messages in queue
DEBUG:ant.base.ant:Read data: [a4 0e 4e 00 04 ff 9b cc 7e cf 0e 5b 80 9a 0d 78 d1 12] (now have [a4 0e 4e 00 04 ff 9b cc 7e cf 0e 5b 80 9a 0d 78 d1 12] in buffer)
DEBUG:ant.base.ant:No new data this period
DEBUG:ant.base.ant:Got broadcast data, examine queue to see if we should send anything back
DEBUG:ant.base.ant: - no messages in queue
DEBUG:ant.base.ant:Read data: [a4 0e 4e 00 04 ff 9b cc 7e cf 0e 5b 80 9a 0d 78 d1 12] (now have [a4 0e 4e 00 04 ff 9b cc 7e cf 0e 5b 80 9a 0d 78 d1 12] in buffer)
DEBUG:ant.base.ant:No new data this period
DEBUG:ant.base.ant:Got broadcast data, examine queue to see if we should send anything back
DEBUG:ant.base.ant: - no messages in queue
DEBUG:ant.base.ant:Read data: [a4 0e 4e 00 04 ff 7e cf 5d d2 0f 5a 80 9a 0d 78 d1 ca] (now have [a4 0e 4e 00 04 ff 7e cf 5d d2 0f 5a 80 9a 0d 78 d1 ca] in buffer)
DEBUG:ant.base.ant:Got broadcast data, examine queue to see if we should send anything back
DEBUG:ant.base.ant: - no messages in queue
DEBUG:ant.base.ant:Read data: [a4 0e 4e 00 84 ff 7e cf 5d d2 0f 5a 80 9a 0d 78 d1 4a] (now have [a4 0e 4e 00 84 ff 7e cf 5d d2 0f 5a 80 9a 0d 78 d1 4a] in buffer)
DEBUG:ant.base.ant:Got broadcast data, examine queue to see if we should send anything back
DEBUG:ant.base.ant: - no messages in queue
DEBUG:ant.base.ant:Read data: [a4 0e 4e 00 84 ff 7e cf 5d d2 0f 5a 80 9a 0d 78 d1 4a] (now have [a4 0e 4e 00 84 ff 7e cf 5d d2 0f 5a 80 9a 0d 78 d1 4a] in buffer)
DEBUG:ant.base.ant:No new data this period
DEBUG:ant.base.ant:Got broadcast data, examine queue to see if we should send anything back
DEBUG:ant.base.ant: - no messages in queue
DEBUG:ant.base.ant:Read data: [a4 0e 4e 00 84 ff 5d d2 1c d5 10 5a 80 9a 0d 78 d1 2d] (now have [a4 0e 4e 00 84 ff 5d d2 1c d5 10 5a 80 9a 0d 78 d1 2d] in buffer)
DEBUG:ant.base.ant:Got broadcast data, examine queue to see if we should send anything back
DEBUG:ant.base.ant: - no messages in queue
DEBUG:ant.base.ant:Read data: [a4 0e 4e 00 04 ff 5d d2 1c d5 10 5a 80 9a 0d 78 d1 ad] (now have [a4 0e 4e 00 04 ff 5d d2 1c d5 10 5a 80 9a 0d 78 d1 ad] in buffer)
DEBUG:ant.base.ant:Got broadcast data, examine queue to see if we should send anything back
DEBUG:ant.base.ant: - no messages in queue
DEBUG:ant.base.ant:Read data: [a4 0e 4e 00 04 ff 1c d5 d0 d7 11 5a 80 9a 0d 78 d1 24] (now have [a4 0e 4e 00 04 ff 1c d5 d0 d7 11 5a 80 9a 0d 78 d1 24] in buffer)
DEBUG:ant.base.ant:Got broadcast data, examine queue to see if we should send anything back
DEBUG:ant.base.ant: - no messages in queue
DEBUG:ant.base.ant:Read data: [a4 0e 4e 00 04 ff 1c d5 d0 d7 11 5a 80 9a 0d 78 d1 24] (now have [a4 0e 4e 00 04 ff 1c d5 d0 d7 11 5a 80 9a 0d 78 d1 24] in buffer)
DEBUG:ant.base.ant:No new data this period
DEBUG:ant.base.ant:Got broadcast data, examine queue to see if we should send anything back
DEBUG:ant.base.ant: - no messages in queue
DEBUG:ant.base.ant:Read data: [a4 0e 4e 00 84 ff d0 d7 77 da 12 5a 80 9a 0d 78 d1 c3] (now have [a4 0e 4e 00 84 ff d0 d7 77 da 12 5a 80 9a 0d 78 d1 c3] in buffer)
DEBUG:ant.easy.node:Stoping ant.easy
DEBUG:ant.base.ant:Stoping ant.base
DEBUG:ant.base.ant:Got broadcast data, examine queue to see if we should send anything back
DEBUG:ant.base.ant: - no messages in queue
DEBUG:ant.base.ant:Ant runner stopped
DEBUG:ant.base.driver:USB Find device, vendor 0xfcf, product 0x1009
DEBUG:ant.base.driver:USB Config values:
DEBUG:ant.base.driver: Config 1
DEBUG:ant.base.driver:  Interface 0, Alt 0
DEBUG:ant.base.driver:   Endpoint 129
DEBUG:ant.base.driver:   Endpoint 1
DEBUG:ant.base.driver:No kernel driver active
DEBUG:ant.base.driver:UBS Endpoint out:       ENDPOINT 0x1: Bulk OUT ===============================
       bLength          :    0x7 (7 bytes)
       bDescriptorType  :    0x5 Endpoint
       bEndpointAddress :    0x1 OUT
       bmAttributes     :    0x2 Bulk
       wMaxPacketSize   :   0x40 (64 bytes)
       bInterval        :    0x1, 1
DEBUG:ant.base.driver:UBS Endpoint in:       ENDPOINT 0x81: Bulk IN ===============================
       bLength          :    0x7 (7 bytes)
       bDescriptorType  :    0x5 Endpoint
       bEndpointAddress :   0x81 IN
       bmAttributes     :    0x2 Bulk
       wMaxPacketSize   :   0x40 (64 bytes)
       bInterval        :    0x1, 129
DEBUG:ant.base.ant:Ant runner started
DEBUG:ant.base.ant:Write data: [a4 01 4a 00 ef]
DEBUG:ant.base.ant:Read data: [a4 01 6f 00 ca] (now have [a4 01 6f 00 ca] in buffer)
WARNING:ant.base.ant:<class 'usb.core.USBTimeoutError'>, (60, 'Operation timed out')
DEBUG:ant.base.ant:Write data: [a4 09 46 00 b9 a5 21 fb bd 72 c3 45 64]
DEBUG:ant.easy.filter:wait for message matching <function wait_for_response.<locals>.match at 0x105339510>
DEBUG:ant.easy.filter:looking for matching message in deque([(None, 111, array('B', [0]))])
DEBUG:ant.easy.filter: - could not find response matching <function wait_for_response.<locals>.match at 0x105339510>
DEBUG:ant.base.ant:Read data: [a4 03 40 00 46 00 a1] (now have [a4 03 40 00 46 00 a1] in buffer)
DEBUG:ant.easy.filter:looking for matching message in deque([(None, 111, array('B', [0])), (0, 70, array('B', [0]))])
DEBUG:ant.easy.filter: - response found (0, 70, array('B', [0]))
DEBUG:ant.base.ant:Write data: [a4 04 42 00 00 00 01 e3]
DEBUG:ant.easy.filter:wait for message matching <function wait_for_response.<locals>.match at 0x105339488>
DEBUG:ant.easy.filter:looking for matching message in deque([(None, 111, array('B', [0]))])
DEBUG:ant.easy.filter: - could not find response matching <function wait_for_response.<locals>.match at 0x105339488>
DEBUG:ant.base.ant:Read data: [a4 03 40 00 42 00 a5] (now have [a4 03 40 00 42 00 a5] in buffer)
DEBUG:ant.easy.filter:looking for matching message in deque([(None, 111, array('B', [0])), (0, 66, array('B', [0]))])
DEBUG:ant.easy.filter: - response found (0, 66, array('B', [0]))
DEBUG:ant.base.ant:Write data: [a4 05 51 00 00 00 78 00 88]
DEBUG:ant.easy.filter:wait for message matching <function wait_for_response.<locals>.match at 0x105339510>
DEBUG:ant.easy.filter:looking for matching message in deque([(None, 111, array('B', [0]))])
DEBUG:ant.easy.filter: - could not find response matching <function wait_for_response.<locals>.match at 0x105339510>
DEBUG:ant.base.ant:Read data: [a4 03 40 00 51 00 b6] (now have [a4 03 40 00 51 00 b6] in buffer)
DEBUG:ant.easy.filter:looking for matching message in deque([(None, 111, array('B', [0])), (0, 81, array('B', [0]))])
DEBUG:ant.easy.filter: - response found (0, 81, array('B', [0]))
DEBUG:ant.base.ant:Write data: [a4 02 66 00 01 c1]
DEBUG:ant.easy.filter:wait for message matching <function wait_for_response.<locals>.match at 0x105339488>
DEBUG:ant.easy.filter:looking for matching message in deque([(None, 111, array('B', [0]))])
DEBUG:ant.easy.filter: - could not find response matching <function wait_for_response.<locals>.match at 0x105339488>
DEBUG:ant.base.ant:Read data: [a4 03 40 00 66 00 81] (now have [a4 03 40 00 66 00 81] in buffer)
DEBUG:ant.easy.filter:looking for matching message in deque([(None, 111, array('B', [0])), (0, 102, array('B', [0]))])
DEBUG:ant.easy.filter: - response found (0, 102, array('B', [0]))
DEBUG:ant.base.ant:Write data: [a4 02 44 00 ff 1d]
DEBUG:ant.easy.filter:wait for message matching <function wait_for_response.<locals>.match at 0x105339510>
DEBUG:ant.easy.filter:looking for matching message in deque([(None, 111, array('B', [0]))])
DEBUG:ant.easy.filter: - could not find response matching <function wait_for_response.<locals>.match at 0x105339510>
DEBUG:ant.base.ant:Read data: [a4 03 40 00 44 00 a3] (now have [a4 03 40 00 44 00 a3] in buffer)
DEBUG:ant.easy.filter:looking for matching message in deque([(None, 111, array('B', [0])), (0, 68, array('B', [0]))])
DEBUG:ant.easy.filter: - response found (0, 68, array('B', [0]))
DEBUG:ant.base.ant:Write data: [a4 03 43 00 86 1f 7d]
DEBUG:ant.easy.filter:wait for message matching <function wait_for_response.<locals>.match at 0x105339488>
DEBUG:ant.easy.filter:looking for matching message in deque([(None, 111, array('B', [0]))])
DEBUG:ant.easy.filter: - could not find response matching <function wait_for_response.<locals>.match at 0x105339488>
DEBUG:ant.base.ant:Read data: [a4 03 40 00 43 00 a4] (now have [a4 03 40 00 43 00 a4] in buffer)
DEBUG:ant.easy.filter:looking for matching message in deque([(None, 111, array('B', [0])), (0, 67, array('B', [0]))])
DEBUG:ant.easy.filter: - response found (0, 67, array('B', [0]))
DEBUG:ant.base.ant:Write data: [a4 02 45 00 39 da]
DEBUG:ant.easy.filter:wait for message matching <function wait_for_response.<locals>.match at 0x105339510>
DEBUG:ant.easy.filter:looking for matching message in deque([(None, 111, array('B', [0]))])
DEBUG:ant.easy.filter: - could not find response matching <function wait_for_response.<locals>.match at 0x105339510>
DEBUG:ant.base.ant:Read data: [a4 03 40 00 45 00 a2] (now have [a4 03 40 00 45 00 a2] in buffer)
DEBUG:ant.easy.filter:looking for matching message in deque([(None, 111, array('B', [0])), (0, 69, array('B', [0]))])
DEBUG:ant.easy.filter: - response found (0, 69, array('B', [0]))
DEBUG:ant.base.ant:Write data: [a4 01 4b 00 ee]
DEBUG:ant.easy.filter:wait for message matching <function wait_for_response.<locals>.match at 0x105339488>
DEBUG:ant.easy.filter:looking for matching message in deque([(None, 111, array('B', [0]))])
DEBUG:ant.easy.filter: - could not find response matching <function wait_for_response.<locals>.match at 0x105339488>
DEBUG:ant.base.ant:Read data: [a4 03 40 00 4b 00 ac] (now have [a4 03 40 00 4b 00 ac] in buffer)
DEBUG:ant.easy.filter:looking for matching message in deque([(None, 111, array('B', [0])), (0, 75, array('B', [0]))])
DEBUG:ant.easy.filter: - response found (0, 75, array('B', [0]))
DEBUG:ant.base.ant:Read data: [a4 0e 4e 00 04 ff 04 2c dd 2f 22 3e 80 9a 0d 78 d1 67] (now have [a4 0e 4e 00 04 ff 04 2c dd 2f 22 3e 80 9a 0d 78 d1 67] in buffer)
DEBUG:ant.base.ant:Got broadcast data, examine queue to see if we should send anything back
DEBUG:ant.base.ant: - no messages in queue
DEBUG:ant.base.ant:Read data: [a4 0e 4e 00 04 ff 04 2c dd 2f 22 3e 80 9a 0d 78 d1 67] (now have [a4 0e 4e 00 04 ff 04 2c dd 2f 22 3e 80 9a 0d 78 d1 67] in buffer)
DEBUG:ant.base.ant:No new data this period
DEBUG:ant.base.ant:Got broadcast data, examine queue to see if we should send anything back
DEBUG:ant.base.ant: - no messages in queue
DEBUG:ant.base.ant:Read data: [a4 0e 4e 00 04 ff 04 2c dd 2f 22 3e 80 9a 0d 78 d1 67] (now have [a4 0e 4e 00 04 ff 04 2c dd 2f 22 3e 80 9a 0d 78 d1 67] in buffer)
DEBUG:ant.base.ant:No new data this period
DEBUG:ant.base.ant:Got broadcast data, examine queue to see if we should send anything back
DEBUG:ant.base.ant: - no messages in queue
DEBUG:ant.base.ant:Read data: [a4 0e 4e 00 84 ff dd 2f cf 33 23 3e 80 9a 0d 78 d1 32] (now have [a4 0e 4e 00 84 ff dd 2f cf 33 23 3e 80 9a 0d 78 d1 32] in buffer)
DEBUG:ant.base.ant:Got broadcast data, examine queue to see if we should send anything back
DEBUG:ant.base.ant: - no messages in queue
DEBUG:ant.base.ant:Read data: [a4 0e 4e 00 84 ff dd 2f cf 33 23 3e 80 9a 0d 78 d1 32] (now have [a4 0e 4e 00 84 ff dd 2f cf 33 23 3e 80 9a 0d 78 d1 32] in buffer)
DEBUG:ant.base.ant:No new data this period
DEBUG:ant.base.ant:Got broadcast data, examine queue to see if we should send anything back
DEBUG:ant.base.ant: - no messages in queue
DEBUG:ant.base.ant:Read data: [a4 0e 4e 00 84 ff dd 2f cf 33 23 3e 80 9a 0d 78 d1 32] (now have [a4 0e 4e 00 84 ff dd 2f cf 33 23 3e 80 9a 0d 78 d1 32] in buffer)
DEBUG:ant.base.ant:No new data this period
DEBUG:ant.base.ant:Got broadcast data, examine queue to see if we should send anything back
DEBUG:ant.base.ant: - no messages in queue
DEBUG:ant.base.ant:Read data: [a4 0e 4e 00 04 ff cf 33 e3 37 24 3d 80 9a 0d 78 d1 90] (now have [a4 0e 4e 00 04 ff cf 33 e3 37 24 3d 80 9a 0d 78 d1 90] in buffer)
DEBUG:ant.base.ant:Got broadcast data, examine queue to see if we should send anything back
DEBUG:ant.base.ant: - no messages in queue
WARNING:ant.base.ant:<class 'usb.core.USBTimeoutError'>, (60, 'Operation timed out')
WARNING:ant.base.ant:<class 'usb.core.USBTimeoutError'>, (60, 'Operation timed out')
DEBUG:ant.base.ant:Read data: [a4 0e 4e 00 84 ff 46 3f a5 42 27 3f 80 9a 0d 78 d1 a7] (now have [a4 0e 4e 00 84 ff 46 3f a5 42 27 3f 80 9a 0d 78 d1 a7] in buffer)
DEBUG:ant.base.ant:Got broadcast data, examine queue to see if we should send anything back
DEBUG:ant.base.ant: - no messages in queue
DEBUG:ant.base.ant:Read data: [a4 0e 4e 00 84 ff a5 42 f4 45 28 40 80 9a 0d 78 d1 1f] (now have [a4 0e 4e 00 84 ff a5 42 f4 45 28 40 80 9a 0d 78 d1 1f] in buffer)
DEBUG:ant.base.ant:Got broadcast data, examine queue to see if we should send anything back
DEBUG:ant.base.ant: - no messages in queue
DEBUG:ant.base.ant:Read data: [a4 0e 4e 00 04 ff a5 42 f4 45 28 40 80 9a 0d 78 d1 9f] (now have [a4 0e 4e 00 04 ff a5 42 f4 45 28 40 80 9a 0d 78 d1 9f] in buffer)
DEBUG:ant.base.ant:Got broadcast data, examine queue to see if we should send anything back
DEBUG:ant.base.ant: - no messages in queue
DEBUG:ant.base.ant:Read data: [a4 0e 4e 00 04 ff a5 42 f4 45 28 40 80 9a 0d 78 d1 9f] (now have [a4 0e 4e 00 04 ff a5 42 f4 45 28 40 80 9a 0d 78 d1 9f] in buffer)
DEBUG:ant.base.ant:No new data this period
DEBUG:ant.base.ant:Got broadcast data, examine queue to see if we should send anything back
DEBUG:ant.base.ant: - no messages in queue
WARNING:ant.base.ant:<class 'usb.core.USBTimeoutError'>, (60, 'Operation timed out')
DEBUG:ant.base.ant:Read data: [a4 0e 4e 00 84 ff 5e 49 0e 4d 2a 41 80 9a 0d 78 d1 1e] (now have [a4 0e 4e 00 84 ff 5e 49 0e 4d 2a 41 80 9a 0d 78 d1 1e] in buffer)
DEBUG:ant.base.ant:Got broadcast data, examine queue to see if we should send anything back
DEBUG:ant.base.ant: - no messages in queue
DEBUG:ant.base.ant:Read data: [a4 0e 4e 00 04 ff 5e 49 0e 4d 2a 41 80 9a 0d 78 d1 9e] (now have [a4 0e 4e 00 04 ff 5e 49 0e 4d 2a 41 80 9a 0d 78 d1 9e] in buffer)
DEBUG:ant.base.ant:Got broadcast data, examine queue to see if we should send anything back
DEBUG:ant.base.ant: - no messages in queue
DEBUG:ant.base.ant:Read data: [a4 0e 4e 00 04 ff 5e 49 0e 4d 2a 41 80 9a 0d 78 d1 9e] (now have [a4 0e 4e 00 04 ff 5e 49 0e 4d 2a 41 80 9a 0d 78 d1 9e] in buffer)
DEBUG:ant.base.ant:No new data this period
DEBUG:ant.base.ant:Got broadcast data, examine queue to see if we should send anything back
DEBUG:ant.base.ant: - no messages in queue
WARNING:ant.base.ant:<class 'usb.core.USBTimeoutError'>, (60, 'Operation timed out')
WARNING:ant.base.ant:<class 'usb.core.USBTimeoutError'>, (60, 'Operation timed out')
DEBUG:ant.base.ant:Read data: [a4 0e 4e 00 84 ff 02 58 c9 5b 2e 41 80 9a 0d 78 d1 86] (now have [a4 0e 4e 00 84 ff 02 58 c9 5b 2e 41 80 9a 0d 78 d1 86] in buffer)
DEBUG:ant.base.ant:Got broadcast data, examine queue to see if we should send anything back
DEBUG:ant.base.ant: - no messages in queue
WARNING:ant.base.ant:<class 'usb.core.USBTimeoutError'>, (60, 'Operation timed out')
WARNING:ant.base.ant:<class 'usb.core.USBTimeoutError'>, (60, 'Operation timed out')
WARNING:ant.base.ant:<class 'usb.core.USBTimeoutError'>, (60, 'Operation timed out')
DEBUG:ant.base.ant:Read data: [a4 0e 4e 00 84 ff d7 69 15 6d 33 43 80 9a 0d 78 d1 97] (now have [a4 0e 4e 00 84 ff d7 69 15 6d 33 43 80 9a 0d 78 d1 97] in buffer)
DEBUG:ant.base.ant:Got broadcast data, examine queue to see if we should send anything back
DEBUG:ant.base.ant: - no messages in queue
DEBUG:ant.base.ant:Read data: [a4 0e 4e 00 84 ff d7 69 15 6d 33 43 80 9a 0d 78 d1 97] (now have [a4 0e 4e 00 84 ff d7 69 15 6d 33 43 80 9a 0d 78 d1 97] in buffer)
DEBUG:ant.base.ant:No new data this period
DEBUG:ant.base.ant:Got broadcast data, examine queue to see if we should send anything back
DEBUG:ant.base.ant: - no messages in queue
DEBUG:ant.base.ant:Read data: [a4 0e 4e 00 04 ff d7 69 15 6d 33 43 80 9a 0d 78 d1 17] (now have [a4 0e 4e 00 04 ff d7 69 15 6d 33 43 80 9a 0d 78 d1 17] in buffer)
DEBUG:ant.base.ant:Got broadcast data, examine queue to see if we should send anything back
DEBUG:ant.base.ant: - no messages in queue
DEBUG:ant.base.ant:Read data: [a4 0e 4e 00 04 ff 15 6d 3f 70 34 44 80 9a 0d 78 d1 e6] (now have [a4 0e 4e 00 04 ff 15 6d 3f 70 34 44 80 9a 0d 78 d1 e6] in buffer)
DEBUG:ant.base.ant:Got broadcast data, examine queue to see if we should send anything back
DEBUG:ant.base.ant: - no messages in queue
DEBUG:ant.base.ant:Read data: [a4 0e 4e 00 04 ff 15 6d 3f 70 34 44 80 9a 0d 78 d1 e6] (now have [a4 0e 4e 00 04 ff 15 6d 3f 70 34 44 80 9a 0d 78 d1 e6] in buffer)
DEBUG:ant.base.ant:No new data this period
DEBUG:ant.base.ant:Got broadcast data, examine queue to see if we should send anything back
DEBUG:ant.base.ant: - no messages in queue
DEBUG:ant.base.ant:Read data: [a4 0e 4e 00 04 ff 15 6d 3f 70 34 44 80 9a 0d 78 d1 e6] (now have [a4 0e 4e 00 04 ff 15 6d 3f 70 34 44 80 9a 0d 78 d1 e6] in buffer)
DEBUG:ant.base.ant:No new data this period
DEBUG:ant.base.ant:Got broadcast data, examine queue to see if we should send anything back
DEBUG:ant.base.ant: - no messages in queue
DEBUG:ant.base.ant:Read data: [a4 0e 4e 00 84 ff 15 6d 3f 70 34 44 80 9a 0d 78 d1 66] (now have [a4 0e 4e 00 84 ff 15 6d 3f 70 34 44 80 9a 0d 78 d1 66] in buffer)
DEBUG:ant.base.ant:Got broadcast data, examine queue to see if we should send anything back
DEBUG:ant.base.ant: - no messages in queue
DEBUG:ant.base.ant:Read data: [a4 0e 4e 00 84 ff 3f 70 6f 73 35 45 80 9a 0d 78 d1 02] (now have [a4 0e 4e 00 84 ff 3f 70 6f 73 35 45 80 9a 0d 78 d1 02] in buffer)
DEBUG:ant.base.ant:Got broadcast data, examine queue to see if we should send anything back
DEBUG:ant.base.ant: - no messages in queue
DEBUG:ant.base.ant:Read data: [a4 0e 4e 00 84 ff 3f 70 6f 73 35 45 80 9a 0d 78 d1 02] (now have [a4 0e 4e 00 84 ff 3f 70 6f 73 35 45 80 9a 0d 78 d1 02] in buffer)
DEBUG:ant.base.ant:No new data this period
DEBUG:ant.base.ant:Got broadcast data, examine queue to see if we should send anything back
DEBUG:ant.base.ant: - no messages in queue
DEBUG:ant.base.ant:Read data: [a4 0e 4e 00 84 ff 3f 70 6f 73 35 45 80 9a 0d 78 d1 02] (now have [a4 0e 4e 00 84 ff 3f 70 6f 73 35 45 80 9a 0d 78 d1 02] in buffer)
DEBUG:ant.base.ant:No new data this period
DEBUG:ant.base.ant:Got broadcast data, examine queue to see if we should send anything back
DEBUG:ant.base.ant: - no messages in queue
DEBUG:ant.base.ant:Read data: [a4 0e 4e 00 04 ff 6f 73 97 76 36 46 80 9a 0d 78 d1 2c] (now have [a4 0e 4e 00 04 ff 6f 73 97 76 36 46 80 9a 0d 78 d1 2c] in buffer)
DEBUG:ant.base.ant:Got broadcast data, examine queue to see if we should send anything back
DEBUG:ant.base.ant: - no messages in queue
DEBUG:ant.base.ant:Read data: [a4 0e 4e 00 04 ff 6f 73 97 76 36 46 80 9a 0d 78 d1 2c] (now have [a4 0e 4e 00 04 ff 6f 73 97 76 36 46 80 9a 0d 78 d1 2c] in buffer)
DEBUG:ant.base.ant:No new data this period
DEBUG:ant.base.ant:Got broadcast data, examine queue to see if we should send anything back
DEBUG:ant.base.ant: - no messages in queue
DEBUG:ant.base.ant:Read data: [a4 0e 4e 00 04 ff 6f 73 97 76 36 46 80 9a 0d 78 d1 2c] (now have [a4 0e 4e 00 04 ff 6f 73 97 76 36 46 80 9a 0d 78 d1 2c] in buffer)
DEBUG:ant.base.ant:No new data this period
DEBUG:ant.base.ant:Got broadcast data, examine queue to see if we should send anything back
DEBUG:ant.base.ant: - no messages in queue
DEBUG:ant.base.ant:Read data: [a4 0e 4e 00 04 ff 97 76 c0 79 37 47 80 9a 0d 78 d1 89] (now have [a4 0e 4e 00 04 ff 97 76 c0 79 37 47 80 9a 0d 78 d1 89] in buffer)
DEBUG:ant.base.ant:Got broadcast data, examine queue to see if we should send anything back
DEBUG:ant.base.ant: - no messages in queue
DEBUG:ant.base.ant:Read data: [a4 0e 4e 00 84 ff 97 76 c0 79 37 47 80 9a 0d 78 d1 09] (now have [a4 0e 4e 00 84 ff 97 76 c0 79 37 47 80 9a 0d 78 d1 09] in buffer)
DEBUG:ant.base.ant:Got broadcast data, examine queue to see if we should send anything back
DEBUG:ant.base.ant: - no messages in queue
DEBUG:ant.base.ant:Read data: [a4 0e 4e 00 84 ff 97 76 c0 79 37 47 80 9a 0d 78 d1 09] (now have [a4 0e 4e 00 84 ff 97 76 c0 79 37 47 80 9a 0d 78 d1 09] in buffer)
DEBUG:ant.base.ant:No new data this period
DEBUG:ant.base.ant:Got broadcast data, examine queue to see if we should send anything back
DEBUG:ant.base.ant: - no messages in queue
DEBUG:ant.base.ant:Read data: [a4 0e 4e 00 84 ff c0 79 f6 7c 38 47 80 9a 0d 78 d1 6d] (now have [a4 0e 4e 00 84 ff c0 79 f6 7c 38 47 80 9a 0d 78 d1 6d] in buffer)
DEBUG:ant.base.ant:Got broadcast data, examine queue to see if we should send anything back
DEBUG:ant.base.ant: - no messages in queue
DEBUG:ant.base.ant:Read data: [a4 0e 4e 00 04 ff c0 79 f6 7c 38 47 80 9a 0d 78 d1 ed] (now have [a4 0e 4e 00 04 ff c0 79 f6 7c 38 47 80 9a 0d 78 d1 ed] in buffer)
DEBUG:ant.base.ant:Got broadcast data, examine queue to see if we should send anything back
DEBUG:ant.base.ant: - no messages in queue
DEBUG:ant.base.ant:Read data: [a4 0e 4e 00 84 ff 2e 80 46 83 3a 48 80 9a 0d 78 d1 38] (now have [a4 0e 4e 00 84 ff 2e 80 46 83 3a 48 80 9a 0d 78 d1 38] in buffer)
DEBUG:ant.base.ant:Got broadcast data, examine queue to see if we should send anything back
DEBUG:ant.base.ant: - no messages in queue
WARNING:ant.base.ant:<class 'usb.core.USBTimeoutError'>, (60, 'Operation timed out')
DEBUG:ant.base.ant:Read data: [a4 0e 4e 00 04 ff 63 86 88 89 3c 49 80 9a 0d 78 d1 30] (now have [a4 0e 4e 00 04 ff 63 86 88 89 3c 49 80 9a 0d 78 d1 30] in buffer)
DEBUG:ant.base.ant:Got broadcast data, examine queue to see if we should send anything back
DEBUG:ant.base.ant: - no messages in queue
DEBUG:ant.base.ant:Read data: [a4 0e 4e 00 84 ff 63 86 88 89 3c 49 80 9a 0d 78 d1 b0] (now have [a4 0e 4e 00 84 ff 63 86 88 89 3c 49 80 9a 0d 78 d1 b0] in buffer)
DEBUG:ant.base.ant:Got broadcast data, examine queue to see if we should send anything back
DEBUG:ant.base.ant: - no messages in queue
DEBUG:ant.base.ant:Read data: [a4 0e 4e 00 84 ff 63 86 88 89 3c 49 80 9a 0d 78 d1 b0] (now have [a4 0e 4e 00 84 ff 63 86 88 89 3c 49 80 9a 0d 78 d1 b0] in buffer)
DEBUG:ant.base.ant:No new data this period
DEBUG:ant.base.ant:Got broadcast data, examine queue to see if we should send anything back
DEBUG:ant.base.ant: - no messages in queue
DEBUG:ant.base.ant:Read data: [a4 0e 4e 00 84 ff 88 89 8d 8c 3d 4a 80 9a 0d 78 d1 56] (now have [a4 0e 4e 00 84 ff 88 89 8d 8c 3d 4a 80 9a 0d 78 d1 56] in buffer)
DEBUG:ant.base.ant:Got broadcast data, examine queue to see if we should send anything back
DEBUG:ant.base.ant: - no messages in queue
DEBUG:ant.base.ant:Read data: [a4 0e 4e 00 84 ff 88 89 8d 8c 3d 4a 80 9a 0d 78 d1 56] (now have [a4 0e 4e 00 84 ff 88 89 8d 8c 3d 4a 80 9a 0d 78 d1 56] in buffer)
DEBUG:ant.base.ant:No new data this period
DEBUG:ant.base.ant:Got broadcast data, examine queue to see if we should send anything back
DEBUG:ant.base.ant: - no messages in queue
DEBUG:ant.base.ant:Read data: [a4 0e 4e 00 04 ff 8d 8c 9b 8f 3e 4a 80 9a 0d 78 d1 c0] (now have [a4 0e 4e 00 04 ff 8d 8c 9b 8f 3e 4a 80 9a 0d 78 d1 c0] in buffer)
DEBUG:ant.base.ant:Got broadcast data, examine queue to see if we should send anything back
DEBUG:ant.base.ant: - no messages in queue
DEBUG:ant.base.ant:Read data: [a4 0e 4e 00 84 ff 9b 8f ad 92 3f 4b 80 9a 0d 78 d1 7e] (now have [a4 0e 4e 00 84 ff 9b 8f ad 92 3f 4b 80 9a 0d 78 d1 7e] in buffer)
DEBUG:ant.base.ant:Got broadcast data, examine queue to see if we should send anything back
DEBUG:ant.base.ant: - no messages in queue
DEBUG:ant.base.ant:Read data: [a4 0e 4e 00 84 ff 9b 8f ad 92 3f 4b 80 9a 0d 78 d1 7e] (now have [a4 0e 4e 00 84 ff 9b 8f ad 92 3f 4b 80 9a 0d 78 d1 7e] in buffer)
DEBUG:ant.base.ant:No new data this period
DEBUG:ant.base.ant:Got broadcast data, examine queue to see if we should send anything back
DEBUG:ant.base.ant: - no messages in queue
DEBUG:ant.base.ant:Read data: [a4 0e 4e 00 04 ff ad 92 d0 95 40 4b 80 9a 0d 78 d1 d0] (now have [a4 0e 4e 00 04 ff ad 92 d0 95 40 4b 80 9a 0d 78 d1 d0] in buffer)
DEBUG:ant.base.ant:Got broadcast data, examine queue to see if we should send anything back
DEBUG:ant.base.ant: - no messages in queue
DEBUG:ant.base.ant:Read data: [a4 0e 4e 00 04 ff ad 92 d0 95 40 4b 80 9a 0d 78 d1 d0] (now have [a4 0e 4e 00 04 ff ad 92 d0 95 40 4b 80 9a 0d 78 d1 d0] in buffer)
DEBUG:ant.base.ant:No new data this period
DEBUG:ant.base.ant:Got broadcast data, examine queue to see if we should send anything back
DEBUG:ant.base.ant: - no messages in queue
DEBUG:ant.base.ant:Read data: [a4 0e 4e 00 04 ff ad 92 d0 95 40 4b 80 9a 0d 78 d1 d0] (now have [a4 0e 4e 00 04 ff ad 92 d0 95 40 4b 80 9a 0d 78 d1 d0] in buffer)
DEBUG:ant.base.ant:No new data this period
DEBUG:ant.base.ant:Got broadcast data, examine queue to see if we should send anything back
DEBUG:ant.base.ant: - no messages in queue
DEBUG:ant.base.ant:Read data: [a4 0e 4e 00 84 ff d0 95 f6 98 41 4b 80 9a 0d 78 d1 00] (now have [a4 0e 4e 00 84 ff d0 95 f6 98 41 4b 80 9a 0d 78 d1 00] in buffer)
DEBUG:ant.base.ant:Got broadcast data, examine queue to see if we should send anything back
DEBUG:ant.base.ant: - no messages in queue
DEBUG:ant.base.ant:Read data: [a4 0e 4e 00 84 ff d0 95 f6 98 41 4b 80 9a 0d 78 d1 00] (now have [a4 0e 4e 00 84 ff d0 95 f6 98 41 4b 80 9a 0d 78 d1 00] in buffer)
DEBUG:ant.base.ant:No new data this period
DEBUG:ant.base.ant:Got broadcast data, examine queue to see if we should send anything back
DEBUG:ant.base.ant: - no messages in queue
DEBUG:ant.base.ant:Read data: [a4 0e 4e 00 84 ff f6 98 17 9c 42 4b 80 9a 0d 78 d1 cd] (now have [a4 0e 4e 00 84 ff f6 98 17 9c 42 4b 80 9a 0d 78 d1 cd] in buffer)
DEBUG:ant.base.ant:Got broadcast data, examine queue to see if we should send anything back
DEBUG:ant.base.ant: - no messages in queue
DEBUG:ant.base.ant:Read data: [a4 0e 4e 00 84 ff f6 98 17 9c 42 4b 80 9a 0d 78 d1 cd] (now have [a4 0e 4e 00 84 ff f6 98 17 9c 42 4b 80 9a 0d 78 d1 cd] in buffer)
DEBUG:ant.base.ant:No new data this period
DEBUG:ant.base.ant:Got broadcast data, examine queue to see if we should send anything back
DEBUG:ant.base.ant: - no messages in queue
DEBUG:ant.base.ant:Read data: [a4 0e 4e 00 04 ff f6 98 17 9c 42 4b 80 9a 0d 78 d1 4d] (now have [a4 0e 4e 00 04 ff f6 98 17 9c 42 4b 80 9a 0d 78 d1 4d] in buffer)
DEBUG:ant.base.ant:Got broadcast data, examine queue to see if we should send anything back
DEBUG:ant.base.ant: - no messages in queue
DEBUG:ant.base.ant:Read data: [a4 0e 4e 00 04 ff 17 9c 46 9f 43 4b 80 9a 0d 78 d1 fb] (now have [a4 0e 4e 00 04 ff 17 9c 46 9f 43 4b 80 9a 0d 78 d1 fb] in buffer)
DEBUG:ant.base.ant:Got broadcast data, examine queue to see if we should send anything back
DEBUG:ant.base.ant: - no messages in queue
DEBUG:ant.base.ant:Read data: [a4 0e 4e 00 04 ff 17 9c 46 9f 43 4b 80 9a 0d 78 d1 fb] (now have [a4 0e 4e 00 04 ff 17 9c 46 9f 43 4b 80 9a 0d 78 d1 fb] in buffer)
DEBUG:ant.base.ant:No new data this period
DEBUG:ant.base.ant:Got broadcast data, examine queue to see if we should send anything back
DEBUG:ant.base.ant: - no messages in queue
DEBUG:ant.base.ant:Read data: [a4 0e 4e 00 04 ff 17 9c 46 9f 43 4b 80 9a 0d 78 d1 fb] (now have [a4 0e 4e 00 04 ff 17 9c 46 9f 43 4b 80 9a 0d 78 d1 fb] in buffer)
DEBUG:ant.base.ant:No new data this period
DEBUG:ant.base.ant:Got broadcast data, examine queue to see if we should send anything back
DEBUG:ant.base.ant: - no messages in queue
DEBUG:ant.base.ant:Read data: [a4 0e 4e 00 86 ff 00 00 33 a5 45 4d 80 9a 0d 78 d1 bd] (now have [a4 0e 4e 00 86 ff 00 00 33 a5 45 4d 80 9a 0d 78 d1 bd] in buffer)
DEBUG:ant.base.ant:Got broadcast data, examine queue to see if we should send anything back
DEBUG:ant.base.ant: - no messages in queue
DEBUG:ant.base.ant:Read data: [a4 0e 4e 00 04 ff 46 a2 33 a5 45 4d 80 9a 0d 78 d1 db] (now have [a4 0e 4e 00 04 ff 46 a2 33 a5 45 4d 80 9a 0d 78 d1 db] in buffer)
DEBUG:ant.base.ant:Got broadcast data, examine queue to see if we should send anything back
DEBUG:ant.base.ant: - no messages in queue
DEBUG:ant.base.ant:Read data: [a4 0e 4e 00 04 ff 46 a2 33 a5 45 4d 80 9a 0d 78 d1 db] (now have [a4 0e 4e 00 04 ff 46 a2 33 a5 45 4d 80 9a 0d 78 d1 db] in buffer)
DEBUG:ant.base.ant:No new data this period
DEBUG:ant.base.ant:Got broadcast data, examine queue to see if we should send anything back
DEBUG:ant.base.ant: - no messages in queue
DEBUG:ant.base.ant:Read data: [a4 0e 4e 00 04 ff 33 a5 1b a8 46 4d 80 9a 0d 78 d1 8f] (now have [a4 0e 4e 00 04 ff 33 a5 1b a8 46 4d 80 9a 0d 78 d1 8f] in buffer)
DEBUG:ant.base.ant:Got broadcast data, examine queue to see if we should send anything back
DEBUG:ant.base.ant: - no messages in queue
DEBUG:ant.base.ant:Read data: [a4 0e 4e 00 04 ff 33 a5 1b a8 46 4d 80 9a 0d 78 d1 8f] (now have [a4 0e 4e 00 04 ff 33 a5 1b a8 46 4d 80 9a 0d 78 d1 8f] in buffer)
DEBUG:ant.base.ant:No new data this period
DEBUG:ant.base.ant:Got broadcast data, examine queue to see if we should send anything back
DEBUG:ant.base.ant: - no messages in queue
DEBUG:ant.base.ant:Read data: [a4 0e 4e 00 84 ff 33 a5 1b a8 46 4d 80 9a 0d 78 d1 0f] (now have [a4 0e 4e 00 84 ff 33 a5 1b a8 46 4d 80 9a 0d 78 d1 0f] in buffer)
DEBUG:ant.base.ant:Got broadcast data, examine queue to see if we should send anything back
DEBUG:ant.base.ant: - no messages in queue
DEBUG:ant.base.ant:Read data: [a4 0e 4e 00 84 ff 1b a8 0a ab 47 4e 80 9a 0d 78 d1 3a] (now have [a4 0e 4e 00 84 ff 1b a8 0a ab 47 4e 80 9a 0d 78 d1 3a] in buffer)
DEBUG:ant.base.ant:Got broadcast data, examine queue to see if we should send anything back
DEBUG:ant.base.ant: - no messages in queue
DEBUG:ant.base.ant:Read data: [a4 0e 4e 00 84 ff 1b a8 0a ab 47 4e 80 9a 0d 78 d1 3a] (now have [a4 0e 4e 00 84 ff 1b a8 0a ab 47 4e 80 9a 0d 78 d1 3a] in buffer)
DEBUG:ant.base.ant:No new data this period
DEBUG:ant.base.ant:Got broadcast data, examine queue to see if we should send anything back
DEBUG:ant.base.ant: - no messages in queue
DEBUG:ant.base.ant:Read data: [a4 0e 4e 00 04 ff 0a ab fc ad 48 4e 80 9a 0d 78 d1 57] (now have [a4 0e 4e 00 04 ff 0a ab fc ad 48 4e 80 9a 0d 78 d1 57] in buffer)
DEBUG:ant.base.ant:Got broadcast data, examine queue to see if we should send anything back
DEBUG:ant.base.ant: - no messages in queue
DEBUG:ant.base.ant:Read data: [a4 0e 4e 00 04 ff 0a ab fc ad 48 4e 80 9a 0d 78 d1 57] (now have [a4 0e 4e 00 04 ff 0a ab fc ad 48 4e 80 9a 0d 78 d1 57] in buffer)
DEBUG:ant.base.ant:No new data this period
DEBUG:ant.base.ant:Got broadcast data, examine queue to see if we should send anything back
DEBUG:ant.base.ant: - no messages in queue
DEBUG:ant.base.ant:Read data: [a4 0e 4e 00 04 ff 0a ab fc ad 48 4e 80 9a 0d 78 d1 57] (now have [a4 0e 4e 00 04 ff 0a ab fc ad 48 4e 80 9a 0d 78 d1 57] in buffer)
DEBUG:ant.base.ant:No new data this period
DEBUG:ant.base.ant:Got broadcast data, examine queue to see if we should send anything back
DEBUG:ant.base.ant: - no messages in queue
DEBUG:ant.base.ant:Read data: [a4 0e 4e 00 04 ff fc ad ef b0 49 4e 80 9a 0d 78 d1 a8] (now have [a4 0e 4e 00 04 ff fc ad ef b0 49 4e 80 9a 0d 78 d1 a8] in buffer)
DEBUG:ant.base.ant:Got broadcast data, examine queue to see if we should send anything back
DEBUG:ant.base.ant: - no messages in queue
DEBUG:ant.base.ant:Read data: [a4 0e 4e 00 84 ff fc ad ef b0 49 4e 80 9a 0d 78 d1 28] (now have [a4 0e 4e 00 84 ff fc ad ef b0 49 4e 80 9a 0d 78 d1 28] in buffer)
DEBUG:ant.base.ant:Got broadcast data, examine queue to see if we should send anything back
DEBUG:ant.base.ant: - no messages in queue
DEBUG:ant.base.ant:Read data: [a4 0e 4e 00 84 ff ef b0 e1 b3 4a 4f 80 9a 0d 78 d1 29] (now have [a4 0e 4e 00 84 ff ef b0 e1 b3 4a 4f 80 9a 0d 78 d1 29] in buffer)
DEBUG:ant.base.ant:Got broadcast data, examine queue to see if we should send anything back
DEBUG:ant.base.ant: - no messages in queue
DEBUG:ant.base.ant:Read data: [a4 0e 4e 00 84 ff ef b0 e1 b3 4a 4f 80 9a 0d 78 d1 29] (now have [a4 0e 4e 00 84 ff ef b0 e1 b3 4a 4f 80 9a 0d 78 d1 29] in buffer)
DEBUG:ant.base.ant:No new data this period
DEBUG:ant.base.ant:Got broadcast data, examine queue to see if we should send anything back
DEBUG:ant.base.ant: - no messages in queue
DEBUG:ant.base.ant:Read data: [a4 0e 4e 00 04 ff ef b0 e1 b3 4a 4f 80 9a 0d 78 d1 a9] (now have [a4 0e 4e 00 04 ff ef b0 e1 b3 4a 4f 80 9a 0d 78 d1 a9] in buffer)
DEBUG:ant.base.ant:Got broadcast data, examine queue to see if we should send anything back
DEBUG:ant.base.ant: - no messages in queue
DEBUG:ant.base.ant:Read data: [a4 0e 4e 00 04 ff e1 b3 cb b6 4b 4f 80 9a 0d 78 d1 8a] (now have [a4 0e 4e 00 04 ff e1 b3 cb b6 4b 4f 80 9a 0d 78 d1 8a] in buffer)
DEBUG:ant.base.ant:Got broadcast data, examine queue to see if we should send anything back
DEBUG:ant.base.ant: - no messages in queue
DEBUG:ant.base.ant:Read data: [a4 0e 4e 00 84 ff cb b6 c7 b9 4c 4f 80 9a 0d 78 d1 21] (now have [a4 0e 4e 00 84 ff cb b6 c7 b9 4c 4f 80 9a 0d 78 d1 21] in buffer)
DEBUG:ant.base.ant:Got broadcast data, examine queue to see if we should send anything back
DEBUG:ant.base.ant: - no messages in queue
DEBUG:ant.base.ant:Read data: [a4 0e 4e 00 84 ff cb b6 c7 b9 4c 4f 80 9a 0d 78 d1 21] (now have [a4 0e 4e 00 84 ff cb b6 c7 b9 4c 4f 80 9a 0d 78 d1 21] in buffer)
DEBUG:ant.base.ant:No new data this period
DEBUG:ant.base.ant:Got broadcast data, examine queue to see if we should send anything back
DEBUG:ant.base.ant: - no messages in queue
DEBUG:ant.base.ant:Read data: [a4 0e 4e 00 04 ff c7 b9 c4 bc 4d 4f 80 9a 0d 78 d1 a5] (now have [a4 0e 4e 00 04 ff c7 b9 c4 bc 4d 4f 80 9a 0d 78 d1 a5] in buffer)
DEBUG:ant.base.ant:Got broadcast data, examine queue to see if we should send anything back
DEBUG:ant.base.ant: - no messages in queue
DEBUG:ant.base.ant:Read data: [a4 0e 4e 00 04 ff c7 b9 c4 bc 4d 4f 80 9a 0d 78 d1 a5] (now have [a4 0e 4e 00 04 ff c7 b9 c4 bc 4d 4f 80 9a 0d 78 d1 a5] in buffer)
DEBUG:ant.base.ant:No new data this period
DEBUG:ant.base.ant:Got broadcast data, examine queue to see if we should send anything back
DEBUG:ant.base.ant: - no messages in queue
DEBUG:ant.base.ant:Read data: [a4 0e 4e 00 04 ff c4 bc c7 bf 4e 4f 80 9a 0d 78 d1 a0] (now have [a4 0e 4e 00 04 ff c4 bc c7 bf 4e 4f 80 9a 0d 78 d1 a0] in buffer)
DEBUG:ant.base.ant:Got broadcast data, examine queue to see if we should send anything back
DEBUG:ant.base.ant: - no messages in queue
DEBUG:ant.base.ant:Read data: [a4 0e 4e 00 84 ff c4 bc c7 bf 4e 4f 80 9a 0d 78 d1 20] (now have [a4 0e 4e 00 84 ff c4 bc c7 bf 4e 4f 80 9a 0d 78 d1 20] in buffer)
DEBUG:ant.base.ant:Got broadcast data, examine queue to see if we should send anything back
DEBUG:ant.base.ant: - no messages in queue
DEBUG:ant.base.ant:Read data: [a4 0e 4e 00 84 ff c7 bf ed c2 4f 4f 80 9a 0d 78 d1 76] (now have [a4 0e 4e 00 84 ff c7 bf ed c2 4f 4f 80 9a 0d 78 d1 76] in buffer)
DEBUG:ant.base.ant:Got broadcast data, examine queue to see if we should send anything back
DEBUG:ant.base.ant: - no messages in queue
WARNING:ant.base.ant:<class 'usb.core.USBTimeoutError'>, (60, 'Operation timed out')
DEBUG:ant.base.ant:Read data: [a4 0e 4e 00 04 ff ed c2 2c c6 50 4e 80 9a 0d 78 d1 7a] (now have [a4 0e 4e 00 04 ff ed c2 2c c6 50 4e 80 9a 0d 78 d1 7a] in buffer)
DEBUG:ant.base.ant:Got broadcast data, examine queue to see if we should send anything back
DEBUG:ant.base.ant: - no messages in queue
DEBUG:ant.base.ant:Read data: [a4 0e 4e 00 04 ff ed c2 2c c6 50 4e 80 9a 0d 78 d1 7a] (now have [a4 0e 4e 00 04 ff ed c2 2c c6 50 4e 80 9a 0d 78 d1 7a] in buffer)
DEBUG:ant.base.ant:No new data this period
DEBUG:ant.base.ant:Got broadcast data, examine queue to see if we should send anything back
DEBUG:ant.base.ant: - no messages in queue
DEBUG:ant.base.ant:Read data: [a4 0e 4e 00 84 ff 6a c9 94 cc 52 4d 80 9a 0d 78 d1 c5] (now have [a4 0e 4e 00 84 ff 6a c9 94 cc 52 4d 80 9a 0d 78 d1 c5] in buffer)
DEBUG:ant.base.ant:Got broadcast data, examine queue to see if we should send anything back
DEBUG:ant.base.ant: - no messages in queue
DEBUG:ant.base.ant:Read data: [a4 0e 4e 00 04 ff 6a c9 94 cc 52 4d 80 9a 0d 78 d1 45] (now have [a4 0e 4e 00 04 ff 6a c9 94 cc 52 4d 80 9a 0d 78 d1 45] in buffer)
DEBUG:ant.base.ant:Got broadcast data, examine queue to see if we should send anything back
DEBUG:ant.base.ant: - no messages in queue
DEBUG:ant.base.ant:Read data: [a4 0e 4e 00 04 ff 94 cc c3 cf 53 4d 80 9a 0d 78 d1 eb] (now have [a4 0e 4e 00 04 ff 94 cc c3 cf 53 4d 80 9a 0d 78 d1 eb] in buffer)
DEBUG:ant.base.ant:Got broadcast data, examine queue to see if we should send anything back
DEBUG:ant.base.ant: - no messages in queue
DEBUG:ant.base.ant:Read data: [a4 0e 4e 00 04 ff 94 cc c3 cf 53 4d 80 9a 0d 78 d1 eb] (now have [a4 0e 4e 00 04 ff 94 cc c3 cf 53 4d 80 9a 0d 78 d1 eb] in buffer)
DEBUG:ant.base.ant:No new data this period
DEBUG:ant.base.ant:Got broadcast data, examine queue to see if we should send anything back
DEBUG:ant.base.ant: - no messages in queue
DEBUG:ant.base.ant:Read data: [a4 0e 4e 00 84 ff 94 cc c3 cf 53 4d 80 9a 0d 78 d1 6b] (now have [a4 0e 4e 00 84 ff 94 cc c3 cf 53 4d 80 9a 0d 78 d1 6b] in buffer)
DEBUG:ant.base.ant:Got broadcast data, examine queue to see if we should send anything back
DEBUG:ant.base.ant: - no messages in queue
DEBUG:ant.base.ant:Read data: [a4 0e 4e 00 84 ff c3 cf ea d2 54 4d 80 9a 0d 78 d1 0c] (now have [a4 0e 4e 00 84 ff c3 cf ea d2 54 4d 80 9a 0d 78 d1 0c] in buffer)
DEBUG:ant.base.ant:Got broadcast data, examine queue to see if we should send anything back
DEBUG:ant.base.ant: - no messages in queue
DEBUG:ant.base.ant:Read data: [a4 0e 4e 00 04 ff c3 cf ea d2 54 4d 80 9a 0d 78 d1 8c] (now have [a4 0e 4e 00 04 ff c3 cf ea d2 54 4d 80 9a 0d 78 d1 8c] in buffer)
DEBUG:ant.base.ant:Got broadcast data, examine queue to see if we should send anything back
DEBUG:ant.base.ant: - no messages in queue
DEBUG:ant.base.ant:Read data: [a4 0e 4e 00 04 ff ea d2 11 d6 55 4d 80 9a 0d 78 d1 46] (now have [a4 0e 4e 00 04 ff ea d2 11 d6 55 4d 80 9a 0d 78 d1 46] in buffer)
DEBUG:ant.base.ant:Got broadcast data, examine queue to see if we should send anything back
DEBUG:ant.base.ant: - no messages in queue
DEBUG:ant.base.ant:Read data: [a4 0e 4e 00 04 ff ea d2 11 d6 55 4d 80 9a 0d 78 d1 46] (now have [a4 0e 4e 00 04 ff ea d2 11 d6 55 4d 80 9a 0d 78 d1 46] in buffer)
DEBUG:ant.base.ant:No new data this period
DEBUG:ant.base.ant:Got broadcast data, examine queue to see if we should send anything back
DEBUG:ant.base.ant: - no messages in queue
DEBUG:ant.base.ant:Read data: [a4 0e 4e 00 84 ff 11 d6 38 d9 56 4d 80 9a 0d 78 d1 1c] (now have [a4 0e 4e 00 84 ff 11 d6 38 d9 56 4d 80 9a 0d 78 d1 1c] in buffer)
DEBUG:ant.base.ant:Got broadcast data, examine queue to see if we should send anything back
DEBUG:ant.base.ant: - no messages in queue
DEBUG:ant.base.ant:Read data: [a4 0e 4e 00 84 ff 11 d6 38 d9 56 4d 80 9a 0d 78 d1 1c] (now have [a4 0e 4e 00 84 ff 11 d6 38 d9 56 4d 80 9a 0d 78 d1 1c] in buffer)
DEBUG:ant.base.ant:No new data this period
DEBUG:ant.base.ant:Got broadcast data, examine queue to see if we should send anything back
DEBUG:ant.base.ant: - no messages in queue
DEBUG:ant.base.ant:Read data: [a4 0e 4e 00 84 ff 38 d9 60 dc 57 4d 80 9a 0d 78 d1 66] (now have [a4 0e 4e 00 84 ff 38 d9 60 dc 57 4d 80 9a 0d 78 d1 66] in buffer)
DEBUG:ant.base.ant:Got broadcast data, examine queue to see if we should send anything back
DEBUG:ant.base.ant: - no messages in queue
DEBUG:ant.base.ant:Read data: [a4 0e 4e 00 04 ff 38 d9 60 dc 57 4d 80 9a 0d 78 d1 e6] (now have [a4 0e 4e 00 04 ff 38 d9 60 dc 57 4d 80 9a 0d 78 d1 e6] in buffer)
DEBUG:ant.base.ant:Got broadcast data, examine queue to see if we should send anything back
DEBUG:ant.base.ant: - no messages in queue
DEBUG:ant.base.ant:Read data: [a4 0e 4e 00 04 ff 38 d9 60 dc 57 4d 80 9a 0d 78 d1 e6] (now have [a4 0e 4e 00 04 ff 38 d9 60 dc 57 4d 80 9a 0d 78 d1 e6] in buffer)
DEBUG:ant.base.ant:No new data this period
DEBUG:ant.base.ant:Got broadcast data, examine queue to see if we should send anything back
DEBUG:ant.base.ant: - no messages in queue
DEBUG:ant.base.ant:Read data: [a4 0e 4e 00 04 ff 60 dc 6f df 58 4d 80 9a 0d 78 d1 b8] (now have [a4 0e 4e 00 04 ff 60 dc 6f df 58 4d 80 9a 0d 78 d1 b8] in buffer)
DEBUG:ant.base.ant:Got broadcast data, examine queue to see if we should send anything back
DEBUG:ant.base.ant: - no messages in queue
DEBUG:ant.base.ant:Read data: [a4 0e 4e 00 84 ff 60 dc 6f df 58 4d 80 9a 0d 78 d1 38] (now have [a4 0e 4e 00 84 ff 60 dc 6f df 58 4d 80 9a 0d 78 d1 38] in buffer)
DEBUG:ant.base.ant:Got broadcast data, examine queue to see if we should send anything back
DEBUG:ant.base.ant: - no messages in queue
DEBUG:ant.base.ant:Read data: [a4 0e 4e 00 84 ff 60 dc 6f df 58 4d 80 9a 0d 78 d1 38] (now have [a4 0e 4e 00 84 ff 60 dc 6f df 58 4d 80 9a 0d 78 d1 38] in buffer)
DEBUG:ant.base.ant:No new data this period
DEBUG:ant.base.ant:Got broadcast data, examine queue to see if we should send anything back
DEBUG:ant.base.ant: - no messages in queue
DEBUG:ant.base.ant:Read data: [a4 0e 4e 00 84 ff 6f df 93 e2 59 4d 80 9a 0d 78 d1 f4] (now have [a4 0e 4e 00 84 ff 6f df 93 e2 59 4d 80 9a 0d 78 d1 f4] in buffer)
DEBUG:ant.base.ant:Got broadcast data, examine queue to see if we should send anything back
DEBUG:ant.base.ant: - no messages in queue
DEBUG:ant.base.ant:Read data: [a4 0e 4e 00 07 ff fd 32 ba e5 5a 4d 80 9a 0d 78 d1 25] (now have [a4 0e 4e 00 07 ff fd 32 ba e5 5a 4d 80 9a 0d 78 d1 25] in buffer)
DEBUG:ant.base.ant:Got broadcast data, examine queue to see if we should send anything back
DEBUG:ant.base.ant: - no messages in queue
DEBUG:ant.base.ant:Read data: [a4 0e 4e 00 07 ff fd 32 ba e5 5a 4d 80 9a 0d 78 d1 25] (now have [a4 0e 4e 00 07 ff fd 32 ba e5 5a 4d 80 9a 0d 78 d1 25] in buffer)
DEBUG:ant.base.ant:No new data this period
DEBUG:ant.base.ant:Got broadcast data, examine queue to see if we should send anything back
DEBUG:ant.base.ant: - no messages in queue
DEBUG:ant.base.ant:Read data: [a4 0e 4e 00 07 ff fd 32 ba e5 5a 4d 80 9a 0d 78 d1 25] (now have [a4 0e 4e 00 07 ff fd 32 ba e5 5a 4d 80 9a 0d 78 d1 25] in buffer)
DEBUG:ant.base.ant:No new data this period
DEBUG:ant.base.ant:Got broadcast data, examine queue to see if we should send anything back
DEBUG:ant.base.ant: - no messages in queue
DEBUG:ant.base.ant:Read data: [a4 0e 4e 00 84 ff ba e5 0b e9 5b 4c 80 9a 0d 78 d1 8b] (now have [a4 0e 4e 00 84 ff ba e5 0b e9 5b 4c 80 9a 0d 78 d1 8b] in buffer)
DEBUG:ant.base.ant:Got broadcast data, examine queue to see if we should send anything back
DEBUG:ant.base.ant: - no messages in queue
DEBUG:ant.base.ant:Read data: [a4 0e 4e 00 84 ff ba e5 0b e9 5b 4c 80 9a 0d 78 d1 8b] (now have [a4 0e 4e 00 84 ff ba e5 0b e9 5b 4c 80 9a 0d 78 d1 8b] in buffer)
DEBUG:ant.base.ant:No new data this period
DEBUG:ant.base.ant:Got broadcast data, examine queue to see if we should send anything back
DEBUG:ant.base.ant: - no messages in queue
DEBUG:ant.base.ant:Read data: [a4 0e 4e 00 04 ff 0b e9 57 ec 5c 4b 80 9a 0d 78 d1 ef] (now have [a4 0e 4e 00 04 ff 0b e9 57 ec 5c 4b 80 9a 0d 78 d1 ef] in buffer)
DEBUG:ant.base.ant:Got broadcast data, examine queue to see if we should send anything back
DEBUG:ant.base.ant: - no messages in queue
DEBUG:ant.base.ant:Read data: [a4 0e 4e 00 04 ff 0b e9 57 ec 5c 4b 80 9a 0d 78 d1 ef] (now have [a4 0e 4e 00 04 ff 0b e9 57 ec 5c 4b 80 9a 0d 78 d1 ef] in buffer)
DEBUG:ant.base.ant:No new data this period
DEBUG:ant.base.ant:Got broadcast data, examine queue to see if we should send anything back
DEBUG:ant.base.ant: - no messages in queue
DEBUG:ant.base.ant:Read data: [a4 0e 4e 00 04 ff 57 ec 8c ef 5d 4b 80 9a 0d 78 d1 6f] (now have [a4 0e 4e 00 04 ff 57 ec 8c ef 5d 4b 80 9a 0d 78 d1 6f] in buffer)
DEBUG:ant.base.ant:Got broadcast data, examine queue to see if we should send anything back
DEBUG:ant.base.ant: - no messages in queue
DEBUG:ant.base.ant:Read data: [a4 0e 4e 00 84 ff 57 ec 8c ef 5d 4b 80 9a 0d 78 d1 ef] (now have [a4 0e 4e 00 84 ff 57 ec 8c ef 5d 4b 80 9a 0d 78 d1 ef] in buffer)
DEBUG:ant.base.ant:Got broadcast data, examine queue to see if we should send anything back
DEBUG:ant.base.ant: - no messages in queue
DEBUG:ant.base.ant:Read data: [a4 0e 4e 00 84 ff 8c ef c4 f2 5e 4b 80 9a 0d 78 d1 61] (now have [a4 0e 4e 00 84 ff 8c ef c4 f2 5e 4b 80 9a 0d 78 d1 61] in buffer)
DEBUG:ant.base.ant:Got broadcast data, examine queue to see if we should send anything back
DEBUG:ant.base.ant: - no messages in queue
DEBUG:ant.base.ant:Read data: [a4 0e 4e 00 04 ff 8c ef c4 f2 5e 4b 80 9a 0d 78 d1 e1] (now have [a4 0e 4e 00 04 ff 8c ef c4 f2 5e 4b 80 9a 0d 78 d1 e1] in buffer)
DEBUG:ant.base.ant:Got broadcast data, examine queue to see if we should send anything back
DEBUG:ant.base.ant: - no messages in queue
DEBUG:ant.base.ant:Read data: [a4 0e 4e 00 04 ff c4 f2 06 f6 5f 4b 80 9a 0d 78 d1 73] (now have [a4 0e 4e 00 04 ff c4 f2 06 f6 5f 4b 80 9a 0d 78 d1 73] in buffer)
DEBUG:ant.base.ant:Got broadcast data, examine queue to see if we should send anything back
DEBUG:ant.base.ant: - no messages in queue
DEBUG:ant.base.ant:Read data: [a4 0e 4e 00 04 ff c4 f2 06 f6 5f 4b 80 9a 0d 78 d1 73] (now have [a4 0e 4e 00 04 ff c4 f2 06 f6 5f 4b 80 9a 0d 78 d1 73] in buffer)
DEBUG:ant.base.ant:No new data this period
DEBUG:ant.base.ant:Got broadcast data, examine queue to see if we should send anything back
DEBUG:ant.base.ant: - no messages in queue
DEBUG:ant.base.ant:Read data: [a4 0e 4e 00 04 ff c4 f2 06 f6 5f 4b 80 9a 0d 78 d1 73] (now have [a4 0e 4e 00 04 ff c4 f2 06 f6 5f 4b 80 9a 0d 78 d1 73] in buffer)
DEBUG:ant.base.ant:No new data this period
DEBUG:ant.base.ant:Got broadcast data, examine queue to see if we should send anything back
DEBUG:ant.base.ant: - no messages in queue
DEBUG:ant.base.ant:Read data: [a4 0e 4e 00 84 ff 06 f6 2a f9 60 4b 80 9a 0d 78 d1 29] (now have [a4 0e 4e 00 84 ff 06 f6 2a f9 60 4b 80 9a 0d 78 d1 29] in buffer)
DEBUG:ant.base.ant:Got broadcast data, examine queue to see if we should send anything back
DEBUG:ant.base.ant: - no messages in queue
DEBUG:ant.base.ant:Read data: [a4 0e 4e 00 84 ff 06 f6 2a f9 60 4b 80 9a 0d 78 d1 29] (now have [a4 0e 4e 00 84 ff 06 f6 2a f9 60 4b 80 9a 0d 78 d1 29] in buffer)
DEBUG:ant.base.ant:No new data this period
DEBUG:ant.base.ant:Got broadcast data, examine queue to see if we should send anything back
DEBUG:ant.base.ant: - no messages in queue
DEBUG:ant.base.ant:Read data: [a4 0e 4e 00 84 ff 06 f6 2a f9 60 4b 80 9a 0d 78 d1 29] (now have [a4 0e 4e 00 84 ff 06 f6 2a f9 60 4b 80 9a 0d 78 d1 29] in buffer)
DEBUG:ant.base.ant:No new data this period
DEBUG:ant.base.ant:Got broadcast data, examine queue to see if we should send anything back
DEBUG:ant.base.ant: - no messages in queue
DEBUG:ant.base.ant:Read data: [a4 0e 4e 00 04 ff 2a f9 22 fc 61 4c 80 9a 0d 78 d1 81] (now have [a4 0e 4e 00 04 ff 2a f9 22 fc 61 4c 80 9a 0d 78 d1 81] in buffer)
DEBUG:ant.base.ant:Got broadcast data, examine queue to see if we should send anything back
DEBUG:ant.base.ant: - no messages in queue
WARNING:ant.base.ant:<class 'usb.core.USBTimeoutError'>, (60, 'Operation timed out')
DEBUG:ant.base.ant:Read data: [a4 0e 4e 00 84 ff 19 ff f9 01 63 4d 80 9a 0d 78 d1 11] (now have [a4 0e 4e 00 84 ff 19 ff f9 01 63 4d 80 9a 0d 78 d1 11] in buffer)
DEBUG:ant.base.ant:Got broadcast data, examine queue to see if we should send anything back
DEBUG:ant.base.ant: - no messages in queue
DEBUG:ant.base.ant:Read data: [a4 0e 4e 00 84 ff 19 ff f9 01 63 4d 80 9a 0d 78 d1 11] (now have [a4 0e 4e 00 84 ff 19 ff f9 01 63 4d 80 9a 0d 78 d1 11] in buffer)
DEBUG:ant.base.ant:No new data this period
DEBUG:ant.base.ant:Got broadcast data, examine queue to see if we should send anything back
DEBUG:ant.base.ant: - no messages in queue
DEBUG:ant.base.ant:Read data: [a4 0e 4e 00 04 ff f9 01 c1 04 64 4e 80 9a 0d 78 d1 b6] (now have [a4 0e 4e 00 04 ff f9 01 c1 04 64 4e 80 9a 0d 78 d1 b6] in buffer)
DEBUG:ant.base.ant:Got broadcast data, examine queue to see if we should send anything back
DEBUG:ant.base.ant: - no messages in queue
DEBUG:ant.base.ant:Read data: [a4 0e 4e 00 04 ff f9 01 c1 04 64 4e 80 9a 0d 78 d1 b6] (now have [a4 0e 4e 00 04 ff f9 01 c1 04 64 4e 80 9a 0d 78 d1 b6] in buffer)
DEBUG:ant.base.ant:No new data this period
DEBUG:ant.base.ant:Got broadcast data, examine queue to see if we should send anything back
DEBUG:ant.base.ant: - no messages in queue
DEBUG:ant.base.ant:Read data: [a4 0e 4e 00 04 ff f9 01 c1 04 64 4e 80 9a 0d 78 d1 b6] (now have [a4 0e 4e 00 04 ff f9 01 c1 04 64 4e 80 9a 0d 78 d1 b6] in buffer)
DEBUG:ant.base.ant:No new data this period
DEBUG:ant.base.ant:Got broadcast data, examine queue to see if we should send anything back
DEBUG:ant.base.ant: - no messages in queue
DEBUG:ant.base.ant:Read data: [a4 0e 4e 00 04 ff c1 04 80 07 65 4f 80 9a 0d 78 d1 c9] (now have [a4 0e 4e 00 04 ff c1 04 80 07 65 4f 80 9a 0d 78 d1 c9] in buffer)
DEBUG:ant.base.ant:Got broadcast data, examine queue to see if we should send anything back
DEBUG:ant.base.ant: - no messages in queue
DEBUG:ant.base.ant:Read data: [a4 0e 4e 00 84 ff c1 04 80 07 65 4f 80 9a 0d 78 d1 49] (now have [a4 0e 4e 00 84 ff c1 04 80 07 65 4f 80 9a 0d 78 d1 49] in buffer)
DEBUG:ant.base.ant:Got broadcast data, examine queue to see if we should send anything back
DEBUG:ant.base.ant: - no messages in queue
DEBUG:ant.base.ant:Read data: [a4 0e 4e 00 84 ff c1 04 80 07 65 4f 80 9a 0d 78 d1 49] (now have [a4 0e 4e 00 84 ff c1 04 80 07 65 4f 80 9a 0d 78 d1 49] in buffer)
DEBUG:ant.base.ant:No new data this period
DEBUG:ant.base.ant:Got broadcast data, examine queue to see if we should send anything back
DEBUG:ant.base.ant: - no messages in queue
DEBUG:ant.base.ant:Read data: [a4 0e 4e 00 84 ff 80 07 32 0a 66 51 80 9a 0d 78 d1 a9] (now have [a4 0e 4e 00 84 ff 80 07 32 0a 66 51 80 9a 0d 78 d1 a9] in buffer)
DEBUG:ant.base.ant:Got broadcast data, examine queue to see if we should send anything back
DEBUG:ant.base.ant: - no messages in queue
DEBUG:ant.base.ant:Read data: [a4 0e 4e 00 84 ff 80 07 32 0a 66 51 80 9a 0d 78 d1 a9] (now have [a4 0e 4e 00 84 ff 80 07 32 0a 66 51 80 9a 0d 78 d1 a9] in buffer)
DEBUG:ant.base.ant:No new data this period
DEBUG:ant.base.ant:Got broadcast data, examine queue to see if we should send anything back
DEBUG:ant.base.ant: - no messages in queue
DEBUG:ant.base.ant:Read data: [a4 0e 4e 00 04 ff 32 0a d9 0c 67 52 80 9a 0d 78 d1 79] (now have [a4 0e 4e 00 04 ff 32 0a d9 0c 67 52 80 9a 0d 78 d1 79] in buffer)
DEBUG:ant.base.ant:Got broadcast data, examine queue to see if we should send anything back
DEBUG:ant.base.ant: - no messages in queue
DEBUG:ant.base.ant:Read data: [a4 0e 4e 00 04 ff 32 0a d9 0c 67 52 80 9a 0d 78 d1 79] (now have [a4 0e 4e 00 04 ff 32 0a d9 0c 67 52 80 9a 0d 78 d1 79] in buffer)
DEBUG:ant.base.ant:No new data this period
DEBUG:ant.base.ant:Got broadcast data, examine queue to see if we should send anything back
DEBUG:ant.base.ant: - no messages in queue
DEBUG:ant.base.ant:Read data: [a4 0e 4e 00 04 ff 32 0a d9 0c 67 52 80 9a 0d 78 d1 79] (now have [a4 0e 4e 00 04 ff 32 0a d9 0c 67 52 80 9a 0d 78 d1 79] in buffer)
DEBUG:ant.base.ant:No new data this period
DEBUG:ant.base.ant:Got broadcast data, examine queue to see if we should send anything back
DEBUG:ant.base.ant: - no messages in queue
DEBUG:ant.base.ant:Read data: [a4 0e 4e 00 04 ff d9 0c 7b 0f 68 53 80 9a 0d 78 d1 3b] (now have [a4 0e 4e 00 04 ff d9 0c 7b 0f 68 53 80 9a 0d 78 d1 3b] in buffer)
DEBUG:ant.base.ant:Got broadcast data, examine queue to see if we should send anything back
DEBUG:ant.base.ant: - no messages in queue
DEBUG:ant.base.ant:Read data: [a4 0e 4e 00 84 ff d9 0c 7b 0f 68 53 80 9a 0d 78 d1 bb] (now have [a4 0e 4e 00 84 ff d9 0c 7b 0f 68 53 80 9a 0d 78 d1 bb] in buffer)
DEBUG:ant.base.ant:Got broadcast data, examine queue to see if we should send anything back
DEBUG:ant.base.ant: - no messages in queue
DEBUG:ant.base.ant:Read data: [a4 0e 4e 00 84 ff d9 0c 7b 0f 68 53 80 9a 0d 78 d1 bb] (now have [a4 0e 4e 00 84 ff d9 0c 7b 0f 68 53 80 9a 0d 78 d1 bb] in buffer)
DEBUG:ant.base.ant:No new data this period
DEBUG:ant.base.ant:Got broadcast data, examine queue to see if we should send anything back
DEBUG:ant.base.ant: - no messages in queue
WARNING:ant.base.ant:<class 'usb.core.USBTimeoutError'>, (60, 'Operation timed out')
DEBUG:ant.base.ant:Read data: [a4 0e 4e 00 04 ff b0 14 50 17 6b 56 80 9a 0d 78 d1 7f] (now have [a4 0e 4e 00 04 ff b0 14 50 17 6b 56 80 9a 0d 78 d1 7f] in buffer)
DEBUG:ant.base.ant:Got broadcast data, examine queue to see if we should send anything back
DEBUG:ant.base.ant: - no messages in queue
DEBUG:ant.base.ant:Read data: [a4 0e 4e 00 84 ff b0 14 50 17 6b 56 80 9a 0d 78 d1 ff] (now have [a4 0e 4e 00 84 ff b0 14 50 17 6b 56 80 9a 0d 78 d1 ff] in buffer)
DEBUG:ant.base.ant:Got broadcast data, examine queue to see if we should send anything back
DEBUG:ant.base.ant: - no messages in queue
DEBUG:ant.base.ant:Read data: [a4 0e 4e 00 84 ff b0 14 50 17 6b 56 80 9a 0d 78 d1 ff] (now have [a4 0e 4e 00 84 ff b0 14 50 17 6b 56 80 9a 0d 78 d1 ff] in buffer)
DEBUG:ant.base.ant:No new data this period
DEBUG:ant.base.ant:Got broadcast data, examine queue to see if we should send anything back
DEBUG:ant.base.ant: - no messages in queue
DEBUG:ant.base.ant:Read data: [a4 0e 4e 00 04 ff e8 19 8a 1c 6d 57 80 9a 0d 78 d1 fc] (now have [a4 0e 4e 00 04 ff e8 19 8a 1c 6d 57 80 9a 0d 78 d1 fc] in buffer)
DEBUG:ant.base.ant:Got broadcast data, examine queue to see if we should send anything back
DEBUG:ant.base.ant: - no messages in queue
DEBUG:ant.base.ant:Read data: [a4 0e 4e 00 04 ff e8 19 8a 1c 6d 57 80 9a 0d 78 d1 fc] (now have [a4 0e 4e 00 04 ff e8 19 8a 1c 6d 57 80 9a 0d 78 d1 fc] in buffer)
DEBUG:ant.base.ant:No new data this period
DEBUG:ant.base.ant:Got broadcast data, examine queue to see if we should send anything back
DEBUG:ant.base.ant: - no messages in queue
DEBUG:ant.easy.node:Stoping ant.easy
DEBUG:ant.base.ant:Stoping ant.base
DEBUG:ant.base.ant:Read data: [a4 0e 4e 00 04 ff 8a 1c 2f 1f 6e 57 80 9a 0d 78 d1 3e] (now have [a4 0e 4e 00 04 ff 8a 1c 2f 1f 6e 57 80 9a 0d 78 d1 3e] in buffer)
DEBUG:ant.base.ant:Ant runner stopped
DEBUG:ant.base.driver:USB Find device, vendor 0xfcf, product 0x1009
DEBUG:ant.base.driver:USB Config values:
DEBUG:ant.base.driver: Config 1
DEBUG:ant.base.driver:  Interface 0, Alt 0
DEBUG:ant.base.driver:   Endpoint 129
DEBUG:ant.base.driver:   Endpoint 1
DEBUG:ant.base.driver:No kernel driver active
DEBUG:ant.base.driver:UBS Endpoint out:       ENDPOINT 0x1: Bulk OUT ===============================
       bLength          :    0x7 (7 bytes)
       bDescriptorType  :    0x5 Endpoint
       bEndpointAddress :    0x1 OUT
       bmAttributes     :    0x2 Bulk
       wMaxPacketSize   :   0x40 (64 bytes)
       bInterval        :    0x1, 1
DEBUG:ant.base.driver:UBS Endpoint in:       ENDPOINT 0x81: Bulk IN ===============================
       bLength          :    0x7 (7 bytes)
       bDescriptorType  :    0x5 Endpoint
       bEndpointAddress :   0x81 IN
       bmAttributes     :    0x2 Bulk
       wMaxPacketSize   :   0x40 (64 bytes)
       bInterval        :    0x1, 129
DEBUG:ant.base.ant:Ant runner started
DEBUG:ant.base.ant:Write data: [a4 01 4a 00 ef]
DEBUG:ant.base.ant:Write data: [a4 09 46 00 b9 a5 21 fb bd 72 c3 45 64]
DEBUG:ant.easy.filter:wait for message matching <function wait_for_response.<locals>.match at 0x104a6b1e0>
DEBUG:ant.easy.filter:looking for matching message in deque([])
DEBUG:ant.easy.filter: - could not find response matching <function wait_for_response.<locals>.match at 0x104a6b1e0>
WARNING:ant.base.ant:<class 'usb.core.USBTimeoutError'>, (60, 'Operation timed out')
DEBUG:ant.easy.filter:looking for matching message in deque([])
DEBUG:ant.easy.filter: - could not find response matching <function wait_for_response.<locals>.match at 0x104a6b1e0>
WARNING:ant.base.ant:<class 'usb.core.USBTimeoutError'>, (60, 'Operation timed out')
DEBUG:ant.easy.filter:looking for matching message in deque([])
DEBUG:ant.easy.filter: - could not find response matching <function wait_for_response.<locals>.match at 0x104a6b1e0>
WARNING:ant.base.ant:<class 'usb.core.USBTimeoutError'>, (60, 'Operation timed out')
DEBUG:ant.easy.filter:looking for matching message in deque([])
DEBUG:ant.easy.filter: - could not find response matching <function wait_for_response.<locals>.match at 0x104a6b1e0>
WARNING:ant.base.ant:<class 'usb.core.USBTimeoutError'>, (60, 'Operation timed out')
DEBUG:ant.easy.filter:looking for matching message in deque([])
DEBUG:ant.easy.filter: - could not find response matching <function wait_for_response.<locals>.match at 0x104a6b1e0>
WARNING:ant.base.ant:<class 'usb.core.USBTimeoutError'>, (60, 'Operation timed out')
DEBUG:ant.easy.filter:looking for matching message in deque([])
DEBUG:ant.easy.filter: - could not find response matching <function wait_for_response.<locals>.match at 0x104a6b1e0>
WARNING:ant.base.ant:<class 'usb.core.USBTimeoutError'>, (60, 'Operation timed out')
DEBUG:ant.easy.filter:looking for matching message in deque([])
DEBUG:ant.easy.filter: - could not find response matching <function wait_for_response.<locals>.match at 0x104a6b1e0>
WARNING:ant.base.ant:<class 'usb.core.USBTimeoutError'>, (60, 'Operation timed out')
DEBUG:ant.easy.filter:looking for matching message in deque([])
DEBUG:ant.easy.filter: - could not find response matching <function wait_for_response.<locals>.match at 0x104a6b1e0>
WARNING:ant.base.ant:<class 'usb.core.USBTimeoutError'>, (60, 'Operation timed out')
DEBUG:ant.easy.filter:looking for matching message in deque([])
DEBUG:ant.easy.filter: - could not find response matching <function wait_for_response.<locals>.match at 0x104a6b1e0>
WARNING:ant.base.ant:<class 'usb.core.USBTimeoutError'>, (60, 'Operation timed out')
DEBUG:ant.easy.filter:looking for matching message in deque([])
DEBUG:ant.easy.filter: - could not find response matching <function wait_for_response.<locals>.match at 0x104a6b1e0>
WARNING:ant.base.ant:<class 'usb.core.USBTimeoutError'>, (60, 'Operation timed out')
WARNING:ant.base.ant:<class 'usb.core.USBTimeoutError'>, (60, 'Operation timed out')
WARNING:ant.base.ant:<class 'usb.core.USBTimeoutError'>, (60, 'Operation timed out')
WARNING:ant.base.ant:<class 'usb.core.USBTimeoutError'>, (60, 'Operation timed out')
WARNING:ant.base.ant:<class 'usb.core.USBTimeoutError'>, (60, 'Operation timed out')
WARNING:ant.base.ant:<class 'usb.core.USBTimeoutError'>, (60, 'Operation timed out')
WARNING:ant.base.ant:<class 'usb.core.USBTimeoutError'>, (60, 'Operation timed out')
WARNING:ant.base.ant:<class 'usb.core.USBTimeoutError'>, (60, 'Operation timed out')
WARNING:ant.base.ant:<class 'usb.core.USBTimeoutError'>, (60, 'Operation timed out')
WARNING:ant.base.ant:<class 'usb.core.USBTimeoutError'>, (60, 'Operation timed out')
WARNING:ant.base.ant:<class 'usb.core.USBTimeoutError'>, (60, 'Operation timed out')
WARNING:ant.base.ant:<class 'usb.core.USBTimeoutError'>, (60, 'Operation timed out')
WARNING:ant.base.ant:<class 'usb.core.USBTimeoutError'>, (60, 'Operation timed out')
WARNING:ant.base.ant:<class 'usb.core.USBTimeoutError'>, (60, 'Operation timed out')
WARNING:ant.base.ant:<class 'usb.core.USBTimeoutError'>, (60, 'Operation timed out')
WARNING:ant.base.ant:<class 'usb.core.USBTimeoutError'>, (60, 'Operation timed out')
WARNING:ant.base.ant:<class 'usb.core.USBTimeoutError'>, (60, 'Operation timed out')
WARNING:ant.base.ant:<class 'usb.core.USBTimeoutError'>, (60, 'Operation timed out')
WARNING:ant.base.ant:<class 'usb.core.USBTimeoutError'>, (60, 'Operation timed out')
WARNING:ant.base.ant:<class 'usb.core.USBTimeoutError'>, (60, 'Operation timed out')
WARNING:ant.base.ant:<class 'usb.core.USBTimeoutError'>, (60, 'Operation timed out')
WARNING:ant.base.ant:<class 'usb.core.USBTimeoutError'>, (60, 'Operation timed out')
WARNING:ant.base.ant:<class 'usb.core.USBTimeoutError'>, (60, 'Operation timed out')
WARNING:ant.base.ant:<class 'usb.core.USBTimeoutError'>, (60, 'Operation timed out')
WARNING:ant.base.ant:<class 'usb.core.USBTimeoutError'>, (60, 'Operation timed out')
WARNING:ant.base.ant:<class 'usb.core.USBTimeoutError'>, (60, 'Operation timed out')
WARNING:ant.base.ant:<class 'usb.core.USBTimeoutError'>, (60, 'Operation timed out')
WARNING:ant.base.ant:<class 'usb.core.USBTimeoutError'>, (60, 'Operation timed out')
WARNING:ant.base.ant:<class 'usb.core.USBTimeoutError'>, (60, 'Operation timed out')
WARNING:ant.base.ant:<class 'usb.core.USBTimeoutError'>, (60, 'Operation timed out')
WARNING:ant.base.ant:<class 'usb.core.USBTimeoutError'>, (60, 'Operation timed out')
WARNING:ant.base.ant:<class 'usb.core.USBTimeoutError'>, (60, 'Operation timed out')
WARNING:ant.base.ant:<class 'usb.core.USBTimeoutError'>, (60, 'Operation timed out')
WARNING:ant.base.ant:<class 'usb.core.USBTimeoutError'>, (60, 'Operation timed out')
WARNING:ant.base.ant:<class 'usb.core.USBTimeoutError'>, (60, 'Operation timed out')
WARNING:ant.base.ant:<class 'usb.core.USBTimeoutError'>, (60, 'Operation timed out')
WARNING:ant.base.ant:<class 'usb.core.USBTimeoutError'>, (60, 'Operation timed out')
WARNING:ant.base.ant:<class 'usb.core.USBTimeoutError'>, (60, 'Operation timed out')
WARNING:ant.base.ant:<class 'usb.core.USBTimeoutError'>, (60, 'Operation timed out')
WARNING:ant.base.ant:<class 'usb.core.USBTimeoutError'>, (60, 'Operation timed out')
WARNING:ant.base.ant:<class 'usb.core.USBTimeoutError'>, (60, 'Operation timed out')
WARNING:ant.base.ant:<class 'usb.core.USBTimeoutError'>, (60, 'Operation timed out')
WARNING:ant.base.ant:<class 'usb.core.USBTimeoutError'>, (60, 'Operation timed out')
WARNING:ant.base.ant:<class 'usb.core.USBTimeoutError'>, (60, 'Operation timed out')
WARNING:ant.base.ant:<class 'usb.core.USBTimeoutError'>, (60, 'Operation timed out')
WARNING:ant.base.ant:<class 'usb.core.USBTimeoutError'>, (60, 'Operation timed out')
WARNING:ant.base.ant:<class 'usb.core.USBTimeoutError'>, (60, 'Operation timed out')
WARNING:ant.base.ant:<class 'usb.core.USBTimeoutError'>, (60, 'Operation timed out')
WARNING:ant.base.ant:<class 'usb.core.USBTimeoutError'>, (60, 'Operation timed out')
WARNING:ant.base.ant:<class 'usb.core.USBTimeoutError'>, (60, 'Operation timed out')
WARNING:ant.base.ant:<class 'usb.core.USBTimeoutError'>, (60, 'Operation timed out')
WARNING:ant.base.ant:<class 'usb.core.USBTimeoutError'>, (60, 'Operation timed out')
WARNING:ant.base.ant:<class 'usb.core.USBTimeoutError'>, (60, 'Operation timed out')
WARNING:ant.base.ant:<class 'usb.core.USBTimeoutError'>, (60, 'Operation timed out')
WARNING:ant.base.ant:<class 'usb.core.USBTimeoutError'>, (60, 'Operation timed out')
WARNING:ant.base.ant:<class 'usb.core.USBTimeoutError'>, (60, 'Operation timed out')
WARNING:ant.base.ant:<class 'usb.core.USBTimeoutError'>, (60, 'Operation timed out')
WARNING:ant.base.ant:<class 'usb.core.USBTimeoutError'>, (60, 'Operation timed out')
WARNING:ant.base.ant:<class 'usb.core.USBTimeoutError'>, (60, 'Operation timed out')
WARNING:ant.base.ant:<class 'usb.core.USBTimeoutError'>, (60, 'Operation timed out')
WARNING:ant.base.ant:<class 'usb.core.USBTimeoutError'>, (60, 'Operation timed out')
WARNING:ant.base.ant:<class 'usb.core.USBTimeoutError'>, (60, 'Operation timed out')
WARNING:ant.base.ant:<class 'usb.core.USBTimeoutError'>, (60, 'Operation timed out')
WARNING:ant.base.ant:<class 'usb.core.USBTimeoutError'>, (60, 'Operation timed out')
WARNING:ant.base.ant:<class 'usb.core.USBTimeoutError'>, (60, 'Operation timed out')
WARNING:ant.base.ant:<class 'usb.core.USBTimeoutError'>, (60, 'Operation timed out')
WARNING:ant.base.ant:<class 'usb.core.USBTimeoutError'>, (60, 'Operation timed out')
WARNING:ant.base.ant:<class 'usb.core.USBTimeoutError'>, (60, 'Operation timed out')
WARNING:ant.base.ant:<class 'usb.core.USBTimeoutError'>, (60, 'Operation timed out')
WARNING:ant.base.ant:<class 'usb.core.USBTimeoutError'>, (60, 'Operation timed out')
WARNING:ant.base.ant:<class 'usb.core.USBTimeoutError'>, (60, 'Operation timed out')
WARNING:ant.base.ant:<class 'usb.core.USBTimeoutError'>, (60, 'Operation timed out')
WARNING:ant.base.ant:<class 'usb.core.USBTimeoutError'>, (60, 'Operation timed out')
WARNING:ant.base.ant:<class 'usb.core.USBTimeoutError'>, (60, 'Operation timed out')
WARNING:ant.base.ant:<class 'usb.core.USBTimeoutError'>, (60, 'Operation timed out')
WARNING:ant.base.ant:<class 'usb.core.USBTimeoutError'>, (60, 'Operation timed out')
WARNING:ant.base.ant:<class 'usb.core.USBTimeoutError'>, (60, 'Operation timed out')
WARNING:ant.base.ant:<class 'usb.core.USBTimeoutError'>, (60, 'Operation timed out')
WARNING:ant.base.ant:<class 'usb.core.USBTimeoutError'>, (60, 'Operation timed out')
WARNING:ant.base.ant:<class 'usb.core.USBTimeoutError'>, (60, 'Operation timed out')
WARNING:ant.base.ant:<class 'usb.core.USBTimeoutError'>, (60, 'Operation timed out')
WARNING:ant.base.ant:<class 'usb.core.USBTimeoutError'>, (60, 'Operation timed out')
WARNING:ant.base.ant:<class 'usb.core.USBTimeoutError'>, (60, 'Operation timed out')
WARNING:ant.base.ant:<class 'usb.core.USBTimeoutError'>, (60, 'Operation timed out')
WARNING:ant.base.ant:<class 'usb.core.USBTimeoutError'>, (60, 'Operation timed out')
WARNING:ant.base.ant:<class 'usb.core.USBTimeoutError'>, (60, 'Operation timed out')
WARNING:ant.base.ant:<class 'usb.core.USBTimeoutError'>, (60, 'Operation timed out')
WARNING:ant.base.ant:<class 'usb.core.USBTimeoutError'>, (60, 'Operation timed out')
WARNING:ant.base.ant:<class 'usb.core.USBTimeoutError'>, (60, 'Operation timed out')
WARNING:ant.base.ant:<class 'usb.core.USBTimeoutError'>, (60, 'Operation timed out')
WARNING:ant.base.ant:<class 'usb.core.USBTimeoutError'>, (60, 'Operation timed out')
WARNING:ant.base.ant:<class 'usb.core.USBTimeoutError'>, (60, 'Operation timed out')
WARNING:ant.base.ant:<class 'usb.core.USBTimeoutError'>, (60, 'Operation timed out')
WARNING:ant.base.ant:<class 'usb.core.USBTimeoutError'>, (60, 'Operation timed out')
WARNING:ant.base.ant:<class 'usb.core.USBTimeoutError'>, (60, 'Operation timed out')
WARNING:ant.base.ant:<class 'usb.core.USBTimeoutError'>, (60, 'Operation timed out')
WARNING:ant.base.ant:<class 'usb.core.USBTimeoutError'>, (60, 'Operation timed out')
WARNING:ant.base.ant:<class 'usb.core.USBTimeoutError'>, (60, 'Operation timed out')
WARNING:ant.base.ant:<class 'usb.core.USBTimeoutError'>, (60, 'Operation timed out')
WARNING:ant.base.ant:<class 'usb.core.USBTimeoutError'>, (60, 'Operation timed out')
WARNING:ant.base.ant:<class 'usb.core.USBTimeoutError'>, (60, 'Operation timed out')
WARNING:ant.base.ant:<class 'usb.core.USBTimeoutError'>, (60, 'Operation timed out')
WARNING:ant.base.ant:<class 'usb.core.USBTimeoutError'>, (60, 'Operation timed out')
WARNING:ant.base.ant:<class 'usb.core.USBTimeoutError'>, (60, 'Operation timed out')
WARNING:ant.base.ant:<class 'usb.core.USBTimeoutError'>, (60, 'Operation timed out')
WARNING:ant.base.ant:<class 'usb.core.USBTimeoutError'>, (60, 'Operation timed out')
WARNING:ant.base.ant:<class 'usb.core.USBTimeoutError'>, (60, 'Operation timed out')
WARNING:ant.base.ant:<class 'usb.core.USBTimeoutError'>, (60, 'Operation timed out')
WARNING:ant.base.ant:<class 'usb.core.USBTimeoutError'>, (60, 'Operation timed out')
WARNING:ant.base.ant:<class 'usb.core.USBTimeoutError'>, (60, 'Operation timed out')
WARNING:ant.base.ant:<class 'usb.core.USBTimeoutError'>, (60, 'Operation timed out')
WARNING:ant.base.ant:<class 'usb.core.USBTimeoutError'>, (60, 'Operation timed out')
WARNING:ant.base.ant:<class 'usb.core.USBTimeoutError'>, (60, 'Operation timed out')
WARNING:ant.base.ant:<class 'usb.core.USBTimeoutError'>, (60, 'Operation timed out')
WARNING:ant.base.ant:<class 'usb.core.USBTimeoutError'>, (60, 'Operation timed out')
WARNING:ant.base.ant:<class 'usb.core.USBTimeoutError'>, (60, 'Operation timed out')
WARNING:ant.base.ant:<class 'usb.core.USBTimeoutError'>, (60, 'Operation timed out')
WARNING:ant.base.ant:<class 'usb.core.USBTimeoutError'>, (60, 'Operation timed out')
WARNING:ant.base.ant:<class 'usb.core.USBTimeoutError'>, (60, 'Operation timed out')
WARNING:ant.base.ant:<class 'usb.core.USBTimeoutError'>, (60, 'Operation timed out')
WARNING:ant.base.ant:<class 'usb.core.USBTimeoutError'>, (60, 'Operation timed out')
WARNING:ant.base.ant:<class 'usb.core.USBTimeoutError'>, (60, 'Operation timed out')
WARNING:ant.base.ant:<class 'usb.core.USBTimeoutError'>, (60, 'Operation timed out')
WARNING:ant.base.ant:<class 'usb.core.USBTimeoutError'>, (60, 'Operation timed out')
WARNING:ant.base.ant:<class 'usb.core.USBError'>, (None, 'Other error')
DEBUG:ant.base.driver:USB Find device, vendor 0xfcf, product 0x1009
DEBUG:ant.base.driver:USB Config values:
DEBUG:ant.base.driver: Config 1
DEBUG:ant.base.driver:  Interface 0, Alt 0
DEBUG:ant.base.driver:   Endpoint 129
DEBUG:ant.base.driver:   Endpoint 1
DEBUG:ant.base.driver:No kernel driver active
DEBUG:ant.base.driver:UBS Endpoint out:       ENDPOINT 0x1: Bulk OUT ===============================
       bLength          :    0x7 (7 bytes)
       bDescriptorType  :    0x5 Endpoint
       bEndpointAddress :    0x1 OUT
       bmAttributes     :    0x2 Bulk
       wMaxPacketSize   :   0x40 (64 bytes)
       bInterval        :    0x1, 1
DEBUG:ant.base.driver:UBS Endpoint in:       ENDPOINT 0x81: Bulk IN ===============================
       bLength          :    0x7 (7 bytes)
       bDescriptorType  :    0x5 Endpoint
       bEndpointAddress :   0x81 IN
       bmAttributes     :    0x2 Bulk
       wMaxPacketSize   :   0x40 (64 bytes)
       bInterval        :    0x1, 129
DEBUG:ant.base.ant:Ant runner started
DEBUG:ant.base.ant:Write data: [a4 01 4a 00 ef]
DEBUG:ant.base.ant:Read data: [a4 01 6f 20 ea] (now have [a4 01 6f 20 ea] in buffer)
WARNING:ant.base.ant:<class 'usb.core.USBTimeoutError'>, (60, 'Operation timed out')
DEBUG:ant.base.ant:Write data: [a4 09 46 00 b9 a5 21 fb bd 72 c3 45 64]
DEBUG:ant.easy.filter:wait for message matching <function wait_for_response.<locals>.match at 0x106338378>
DEBUG:ant.easy.filter:looking for matching message in deque([(None, 111, array('B', [32]))])
DEBUG:ant.easy.filter: - could not find response matching <function wait_for_response.<locals>.match at 0x106338378>
DEBUG:ant.base.ant:Read data: [a4 03 40 00 46 00 a1] (now have [a4 03 40 00 46 00 a1] in buffer)
DEBUG:ant.easy.filter:looking for matching message in deque([(None, 111, array('B', [32])), (0, 70, array('B', [0]))])
DEBUG:ant.easy.filter: - response found (0, 70, array('B', [0]))
DEBUG:ant.base.ant:Write data: [a4 04 42 00 00 00 01 e3]
DEBUG:ant.easy.filter:wait for message matching <function wait_for_response.<locals>.match at 0x1063382f0>
DEBUG:ant.easy.filter:looking for matching message in deque([(None, 111, array('B', [32]))])
DEBUG:ant.easy.filter: - could not find response matching <function wait_for_response.<locals>.match at 0x1063382f0>
DEBUG:ant.base.ant:Read data: [a4 03 40 00 42 00 a5] (now have [a4 03 40 00 42 00 a5] in buffer)
DEBUG:ant.easy.filter:looking for matching message in deque([(None, 111, array('B', [32])), (0, 66, array('B', [0]))])
DEBUG:ant.easy.filter: - response found (0, 66, array('B', [0]))
DEBUG:ant.base.ant:Write data: [a4 05 51 00 00 00 78 00 88]
DEBUG:ant.easy.filter:wait for message matching <function wait_for_response.<locals>.match at 0x106338378>
DEBUG:ant.easy.filter:looking for matching message in deque([(None, 111, array('B', [32]))])
DEBUG:ant.easy.filter: - could not find response matching <function wait_for_response.<locals>.match at 0x106338378>
DEBUG:ant.base.ant:Read data: [a4 03 40 00 51 00 b6] (now have [a4 03 40 00 51 00 b6] in buffer)
DEBUG:ant.easy.filter:looking for matching message in deque([(None, 111, array('B', [32])), (0, 81, array('B', [0]))])
DEBUG:ant.easy.filter: - response found (0, 81, array('B', [0]))
DEBUG:ant.base.ant:Write data: [a4 02 66 00 01 c1]
DEBUG:ant.easy.filter:wait for message matching <function wait_for_response.<locals>.match at 0x1063382f0>
DEBUG:ant.easy.filter:looking for matching message in deque([(None, 111, array('B', [32]))])
DEBUG:ant.easy.filter: - could not find response matching <function wait_for_response.<locals>.match at 0x1063382f0>
DEBUG:ant.base.ant:Read data: [a4 03 40 00 66 00 81] (now have [a4 03 40 00 66 00 81] in buffer)
DEBUG:ant.easy.filter:looking for matching message in deque([(None, 111, array('B', [32])), (0, 102, array('B', [0]))])
DEBUG:ant.easy.filter: - response found (0, 102, array('B', [0]))
DEBUG:ant.base.ant:Write data: [a4 02 44 00 ff 1d]
DEBUG:ant.easy.filter:wait for message matching <function wait_for_response.<locals>.match at 0x106338378>
DEBUG:ant.easy.filter:looking for matching message in deque([(None, 111, array('B', [32]))])
DEBUG:ant.easy.filter: - could not find response matching <function wait_for_response.<locals>.match at 0x106338378>
DEBUG:ant.base.ant:Read data: [a4 03 40 00 44 00 a3] (now have [a4 03 40 00 44 00 a3] in buffer)
DEBUG:ant.easy.filter:looking for matching message in deque([(None, 111, array('B', [32])), (0, 68, array('B', [0]))])
DEBUG:ant.easy.filter: - response found (0, 68, array('B', [0]))
DEBUG:ant.base.ant:Write data: [a4 03 43 00 86 1f 7d]
DEBUG:ant.easy.filter:wait for message matching <function wait_for_response.<locals>.match at 0x1063382f0>
DEBUG:ant.easy.filter:looking for matching message in deque([(None, 111, array('B', [32]))])
DEBUG:ant.easy.filter: - could not find response matching <function wait_for_response.<locals>.match at 0x1063382f0>
DEBUG:ant.base.ant:Read data: [a4 03 40 00 43 00 a4] (now have [a4 03 40 00 43 00 a4] in buffer)
DEBUG:ant.easy.filter:looking for matching message in deque([(None, 111, array('B', [32])), (0, 67, array('B', [0]))])
DEBUG:ant.easy.filter: - response found (0, 67, array('B', [0]))
DEBUG:ant.base.ant:Write data: [a4 02 45 00 39 da]
DEBUG:ant.easy.filter:wait for message matching <function wait_for_response.<locals>.match at 0x106338378>
DEBUG:ant.easy.filter:looking for matching message in deque([(None, 111, array('B', [32]))])
DEBUG:ant.easy.filter: - could not find response matching <function wait_for_response.<locals>.match at 0x106338378>
DEBUG:ant.base.ant:Read data: [a4 03 40 00 45 00 a2] (now have [a4 03 40 00 45 00 a2] in buffer)
DEBUG:ant.easy.filter:looking for matching message in deque([(None, 111, array('B', [32])), (0, 69, array('B', [0]))])
DEBUG:ant.easy.filter: - response found (0, 69, array('B', [0]))
DEBUG:ant.base.ant:Write data: [a4 01 4b 00 ee]
DEBUG:ant.easy.filter:wait for message matching <function wait_for_response.<locals>.match at 0x1063382f0>
DEBUG:ant.easy.filter:looking for matching message in deque([(None, 111, array('B', [32]))])
DEBUG:ant.easy.filter: - could not find response matching <function wait_for_response.<locals>.match at 0x1063382f0>
DEBUG:ant.base.ant:Read data: [a4 03 40 00 4b 00 ac] (now have [a4 03 40 00 4b 00 ac] in buffer)
DEBUG:ant.easy.filter:looking for matching message in deque([(None, 111, array('B', [32])), (0, 75, array('B', [0]))])
DEBUG:ant.easy.filter: - response found (0, 75, array('B', [0]))
DEBUG:ant.base.ant:Read data: [a4 0e 4e 00 84 ff 38 10 73 14 dc 40 80 9a 0d 78 d1 f2] (now have [a4 0e 4e 00 84 ff 38 10 73 14 dc 40 80 9a 0d 78 d1 f2] in buffer)
DEBUG:ant.base.ant:Got broadcast data, examine queue to see if we should send anything back
DEBUG:ant.base.ant: - no messages in queue
DEBUG:ant.base.ant:Read data: [a4 0e 4e 00 84 ff 38 10 73 14 dc 40 80 9a 0d 78 d1 f2] (now have [a4 0e 4e 00 84 ff 38 10 73 14 dc 40 80 9a 0d 78 d1 f2] in buffer)
DEBUG:ant.base.ant:No new data this period
DEBUG:ant.base.ant:Got broadcast data, examine queue to see if we should send anything back
DEBUG:ant.base.ant: - no messages in queue
DEBUG:ant.base.ant:Read data: [a4 0e 4e 00 84 ff 73 14 b5 18 dd 3f 80 9a 0d 78 d1 09] (now have [a4 0e 4e 00 84 ff 73 14 b5 18 dd 3f 80 9a 0d 78 d1 09] in buffer)
DEBUG:ant.base.ant:Got broadcast data, examine queue to see if we should send anything back
DEBUG:ant.base.ant: - no messages in queue
DEBUG:ant.base.ant:Read data: [a4 0e 4e 00 04 ff 73 14 b5 18 dd 3f 80 9a 0d 78 d1 89] (now have [a4 0e 4e 00 04 ff 73 14 b5 18 dd 3f 80 9a 0d 78 d1 89] in buffer)
DEBUG:ant.base.ant:Got broadcast data, examine queue to see if we should send anything back
DEBUG:ant.base.ant: - no messages in queue
DEBUG:ant.base.ant:Read data: [a4 0e 4e 00 04 ff 73 14 b5 18 dd 3f 80 9a 0d 78 d1 89] (now have [a4 0e 4e 00 04 ff 73 14 b5 18 dd 3f 80 9a 0d 78 d1 89] in buffer)
DEBUG:ant.base.ant:No new data this period
DEBUG:ant.base.ant:Got broadcast data, examine queue to see if we should send anything back
DEBUG:ant.base.ant: - no messages in queue
DEBUG:ant.base.ant:Read data: [a4 0e 4e 00 04 ff 73 14 b5 18 dd 3f 80 9a 0d 78 d1 89] (now have [a4 0e 4e 00 04 ff 73 14 b5 18 dd 3f 80 9a 0d 78 d1 89] in buffer)
DEBUG:ant.base.ant:No new data this period
DEBUG:ant.base.ant:Got broadcast data, examine queue to see if we should send anything back
DEBUG:ant.base.ant: - no messages in queue
DEBUG:ant.base.ant:Read data: [a4 0e 4e 00 84 ff b5 18 c5 1c de 3f 80 9a 0d 78 d1 b4] (now have [a4 0e 4e 00 84 ff b5 18 c5 1c de 3f 80 9a 0d 78 d1 b4] in buffer)
DEBUG:ant.base.ant:Got broadcast data, examine queue to see if we should send anything back
DEBUG:ant.base.ant: - no messages in queue
DEBUG:ant.base.ant:Read data: [a4 0e 4e 00 84 ff b5 18 c5 1c de 3f 80 9a 0d 78 d1 b4] (now have [a4 0e 4e 00 84 ff b5 18 c5 1c de 3f 80 9a 0d 78 d1 b4] in buffer)
DEBUG:ant.base.ant:No new data this period
DEBUG:ant.base.ant:Got broadcast data, examine queue to see if we should send anything back
DEBUG:ant.base.ant: - no messages in queue
DEBUG:ant.base.ant:Read data: [a4 0e 4e 00 84 ff b5 18 c5 1c de 3f 80 9a 0d 78 d1 b4] (now have [a4 0e 4e 00 84 ff b5 18 c5 1c de 3f 80 9a 0d 78 d1 b4] in buffer)
DEBUG:ant.base.ant:No new data this period
DEBUG:ant.base.ant:Got broadcast data, examine queue to see if we should send anything back
DEBUG:ant.base.ant: - no messages in queue
DEBUG:ant.base.ant:Read data: [a4 0e 4e 00 84 ff c5 1c 09 21 df 3e 80 9a 0d 78 d1 31] (now have [a4 0e 4e 00 84 ff c5 1c 09 21 df 3e 80 9a 0d 78 d1 31] in buffer)
DEBUG:ant.base.ant:Got broadcast data, examine queue to see if we should send anything back
DEBUG:ant.base.ant: - no messages in queue
DEBUG:ant.base.ant:Read data: [a4 0e 4e 00 04 ff c5 1c 09 21 df 3e 80 9a 0d 78 d1 b1] (now have [a4 0e 4e 00 04 ff c5 1c 09 21 df 3e 80 9a 0d 78 d1 b1] in buffer)
DEBUG:ant.base.ant:Got broadcast data, examine queue to see if we should send anything back
DEBUG:ant.base.ant: - no messages in queue
DEBUG:ant.base.ant:Read data: [a4 0e 4e 00 04 ff c5 1c 09 21 df 3e 80 9a 0d 78 d1 b1] (now have [a4 0e 4e 00 04 ff c5 1c 09 21 df 3e 80 9a 0d 78 d1 b1] in buffer)
DEBUG:ant.base.ant:No new data this period
DEBUG:ant.base.ant:Got broadcast data, examine queue to see if we should send anything back
DEBUG:ant.base.ant: - no messages in queue
DEBUG:ant.base.ant:Read data: [a4 0e 4e 00 04 ff c5 1c 09 21 df 3e 80 9a 0d 78 d1 b1] (now have [a4 0e 4e 00 04 ff c5 1c 09 21 df 3e 80 9a 0d 78 d1 b1] in buffer)
DEBUG:ant.base.ant:No new data this period
DEBUG:ant.base.ant:Got broadcast data, examine queue to see if we should send anything back
DEBUG:ant.base.ant: - no messages in queue
DEBUG:ant.base.ant:Read data: [a4 0e 4e 00 04 ff 09 21 3c 25 e0 3d 80 9a 0d 78 d1 4d] (now have [a4 0e 4e 00 04 ff 09 21 3c 25 e0 3d 80 9a 0d 78 d1 4d] in buffer)
DEBUG:ant.base.ant:Got broadcast data, examine queue to see if we should send anything back
DEBUG:ant.base.ant: - no messages in queue
DEBUG:ant.base.ant:Read data: [a4 0e 4e 00 84 ff 09 21 3c 25 e0 3d 80 9a 0d 78 d1 cd] (now have [a4 0e 4e 00 84 ff 09 21 3c 25 e0 3d 80 9a 0d 78 d1 cd] in buffer)
DEBUG:ant.base.ant:Got broadcast data, examine queue to see if we should send anything back
DEBUG:ant.base.ant: - no messages in queue
DEBUG:ant.base.ant:Read data: [a4 0e 4e 00 84 ff 09 21 3c 25 e0 3d 80 9a 0d 78 d1 cd] (now have [a4 0e 4e 00 84 ff 09 21 3c 25 e0 3d 80 9a 0d 78 d1 cd] in buffer)
DEBUG:ant.base.ant:No new data this period
DEBUG:ant.base.ant:Got broadcast data, examine queue to see if we should send anything back
DEBUG:ant.base.ant: - no messages in queue
DEBUG:ant.base.ant:Read data: [a4 0e 4e 00 84 ff 09 21 3c 25 e0 3d 80 9a 0d 78 d1 cd] (now have [a4 0e 4e 00 84 ff 09 21 3c 25 e0 3d 80 9a 0d 78 d1 cd] in buffer)
DEBUG:ant.base.ant:No new data this period
DEBUG:ant.base.ant:Got broadcast data, examine queue to see if we should send anything back
DEBUG:ant.base.ant: - no messages in queue
DEBUG:ant.base.ant:Read data: [a4 0e 4e 00 84 ff 09 21 3c 25 e0 3d 80 9a 0d 78 d1 cd] (now have [a4 0e 4e 00 84 ff 09 21 3c 25 e0 3d 80 9a 0d 78 d1 cd] in buffer)
DEBUG:ant.base.ant:No new data this period
DEBUG:ant.base.ant:Got broadcast data, examine queue to see if we should send anything back
DEBUG:ant.base.ant: - no messages in queue
DEBUG:ant.base.ant:Read data: [a4 0e 4e 00 04 ff 3c 25 64 29 e1 3d 80 9a 0d 78 d1 29] (now have [a4 0e 4e 00 04 ff 3c 25 64 29 e1 3d 80 9a 0d 78 d1 29] in buffer)
DEBUG:ant.base.ant:Got broadcast data, examine queue to see if we should send anything back
DEBUG:ant.base.ant: - no messages in queue
DEBUG:ant.base.ant:Read data: [a4 0e 4e 00 04 ff 3c 25 64 29 e1 3d 80 9a 0d 78 d1 29] (now have [a4 0e 4e 00 04 ff 3c 25 64 29 e1 3d 80 9a 0d 78 d1 29] in buffer)
DEBUG:ant.base.ant:No new data this period
DEBUG:ant.base.ant:Got broadcast data, examine queue to see if we should send anything back
DEBUG:ant.base.ant: - no messages in queue
DEBUG:ant.base.ant:Read data: [a4 0e 4e 00 04 ff 3c 25 64 29 e1 3d 80 9a 0d 78 d1 29] (now have [a4 0e 4e 00 04 ff 3c 25 64 29 e1 3d 80 9a 0d 78 d1 29] in buffer)
DEBUG:ant.base.ant:No new data this period
DEBUG:ant.base.ant:Got broadcast data, examine queue to see if we should send anything back
DEBUG:ant.base.ant: - no messages in queue
DEBUG:ant.base.ant:Read data: [a4 0e 4e 00 04 ff 64 29 2f 2d e2 3d 80 9a 0d 78 d1 31] (now have [a4 0e 4e 00 04 ff 64 29 2f 2d e2 3d 80 9a 0d 78 d1 31] in buffer)
DEBUG:ant.base.ant:Got broadcast data, examine queue to see if we should send anything back
DEBUG:ant.base.ant: - no messages in queue
DEBUG:ant.base.ant:Read data: [a4 0e 4e 00 84 ff 64 29 2f 2d e2 3d 80 9a 0d 78 d1 b1] (now have [a4 0e 4e 00 84 ff 64 29 2f 2d e2 3d 80 9a 0d 78 d1 b1] in buffer)
DEBUG:ant.base.ant:Got broadcast data, examine queue to see if we should send anything back
DEBUG:ant.base.ant: - no messages in queue
DEBUG:ant.base.ant:Read data: [a4 0e 4e 00 84 ff 64 29 2f 2d e2 3d 80 9a 0d 78 d1 b1] (now have [a4 0e 4e 00 84 ff 64 29 2f 2d e2 3d 80 9a 0d 78 d1 b1] in buffer)
DEBUG:ant.base.ant:No new data this period
DEBUG:ant.base.ant:Got broadcast data, examine queue to see if we should send anything back
DEBUG:ant.base.ant: - no messages in queue
DEBUG:ant.base.ant:Read data: [a4 0e 4e 00 84 ff 64 29 2f 2d e2 3d 80 9a 0d 78 d1 b1] (now have [a4 0e 4e 00 84 ff 64 29 2f 2d e2 3d 80 9a 0d 78 d1 b1] in buffer)
DEBUG:ant.base.ant:No new data this period
DEBUG:ant.base.ant:Got broadcast data, examine queue to see if we should send anything back
DEBUG:ant.base.ant: - no messages in queue
DEBUG:ant.base.ant:Read data: [a4 0e 4e 00 84 ff 2f 2d 9b 30 e3 3d 80 9a 0d 78 d1 56] (now have [a4 0e 4e 00 84 ff 2f 2d 9b 30 e3 3d 80 9a 0d 78 d1 56] in buffer)
DEBUG:ant.base.ant:Got broadcast data, examine queue to see if we should send anything back
DEBUG:ant.base.ant: - no messages in queue
DEBUG:ant.base.ant:Read data: [a4 0e 4e 00 04 ff 2f 2d 9b 30 e3 3d 80 9a 0d 78 d1 d6] (now have [a4 0e 4e 00 04 ff 2f 2d 9b 30 e3 3d 80 9a 0d 78 d1 d6] in buffer)
DEBUG:ant.base.ant:Got broadcast data, examine queue to see if we should send anything back
DEBUG:ant.base.ant: - no messages in queue
DEBUG:ant.base.ant:Read data: [a4 0e 4e 00 04 ff 2f 2d 9b 30 e3 3d 80 9a 0d 78 d1 d6] (now have [a4 0e 4e 00 04 ff 2f 2d 9b 30 e3 3d 80 9a 0d 78 d1 d6] in buffer)
DEBUG:ant.base.ant:No new data this period
DEBUG:ant.base.ant:Got broadcast data, examine queue to see if we should send anything back
DEBUG:ant.base.ant: - no messages in queue
DEBUG:ant.base.ant:Read data: [a4 0e 4e 00 04 ff 9b 30 04 34 e4 3e 80 9a 0d 78 d1 e0] (now have [a4 0e 4e 00 04 ff 9b 30 04 34 e4 3e 80 9a 0d 78 d1 e0] in buffer)
DEBUG:ant.base.ant:Got broadcast data, examine queue to see if we should send anything back
DEBUG:ant.base.ant: - no messages in queue
DEBUG:ant.base.ant:Read data: [a4 0e 4e 00 82 01 1d c6 04 34 e4 3e 80 9a 0d 78 d1 e8] (now have [a4 0e 4e 00 82 01 1d c6 04 34 e4 3e 80 9a 0d 78 d1 e8] in buffer)
DEBUG:ant.base.ant:Got broadcast data, examine queue to see if we should send anything back
DEBUG:ant.base.ant: - no messages in queue
DEBUG:ant.base.ant:Read data: [a4 0e 4e 00 82 01 1d c6 04 34 e4 3e 80 9a 0d 78 d1 e8] (now have [a4 0e 4e 00 82 01 1d c6 04 34 e4 3e 80 9a 0d 78 d1 e8] in buffer)
DEBUG:ant.base.ant:No new data this period
DEBUG:ant.base.ant:Got broadcast data, examine queue to see if we should send anything back
DEBUG:ant.base.ant: - no messages in queue
DEBUG:ant.base.ant:Read data: [a4 0e 4e 00 82 01 1d c6 a2 37 e5 3f 80 9a 0d 78 d1 4d] (now have [a4 0e 4e 00 82 01 1d c6 a2 37 e5 3f 80 9a 0d 78 d1 4d] in buffer)
DEBUG:ant.base.ant:Got broadcast data, examine queue to see if we should send anything back
DEBUG:ant.base.ant: - no messages in queue
DEBUG:ant.base.ant:Read data: [a4 0e 4e 00 82 01 1d c6 a2 37 e5 3f 80 9a 0d 78 d1 4d] (now have [a4 0e 4e 00 82 01 1d c6 a2 37 e5 3f 80 9a 0d 78 d1 4d] in buffer)
DEBUG:ant.base.ant:No new data this period
DEBUG:ant.base.ant:Got broadcast data, examine queue to see if we should send anything back
DEBUG:ant.base.ant: - no messages in queue
DEBUG:ant.base.ant:Read data: [a4 0e 4e 00 04 ff 04 34 a2 37 e5 3f 80 9a 0d 78 d1 de] (now have [a4 0e 4e 00 04 ff 04 34 a2 37 e5 3f 80 9a 0d 78 d1 de] in buffer)
DEBUG:ant.base.ant:Got broadcast data, examine queue to see if we should send anything back
DEBUG:ant.base.ant: - no messages in queue
DEBUG:ant.base.ant:Read data: [a4 0e 4e 00 04 ff 04 34 a2 37 e5 3f 80 9a 0d 78 d1 de] (now have [a4 0e 4e 00 04 ff 04 34 a2 37 e5 3f 80 9a 0d 78 d1 de] in buffer)
DEBUG:ant.base.ant:No new data this period
DEBUG:ant.base.ant:Got broadcast data, examine queue to see if we should send anything back
DEBUG:ant.base.ant: - no messages in queue
DEBUG:ant.base.ant:Read data: [a4 0e 4e 00 04 ff a2 37 a5 3b e6 3e 80 9a 0d 78 d1 72] (now have [a4 0e 4e 00 04 ff a2 37 a5 3b e6 3e 80 9a 0d 78 d1 72] in buffer)
DEBUG:ant.base.ant:Got broadcast data, examine queue to see if we should send anything back
DEBUG:ant.base.ant: - no messages in queue
DEBUG:ant.base.ant:Read data: [a4 0e 4e 00 04 ff a2 37 a5 3b e6 3e 80 9a 0d 78 d1 72] (now have [a4 0e 4e 00 04 ff a2 37 a5 3b e6 3e 80 9a 0d 78 d1 72] in buffer)
DEBUG:ant.base.ant:No new data this period
DEBUG:ant.base.ant:Got broadcast data, examine queue to see if we should send anything back
DEBUG:ant.base.ant: - no messages in queue
DEBUG:ant.base.ant:Read data: [a4 0e 4e 00 84 ff a2 37 a5 3b e6 3e 80 9a 0d 78 d1 f2] (now have [a4 0e 4e 00 84 ff a2 37 a5 3b e6 3e 80 9a 0d 78 d1 f2] in buffer)
DEBUG:ant.base.ant:Got broadcast data, examine queue to see if we should send anything back
DEBUG:ant.base.ant: - no messages in queue
DEBUG:ant.base.ant:Read data: [a4 0e 4e 00 84 ff a2 37 a5 3b e6 3e 80 9a 0d 78 d1 f2] (now have [a4 0e 4e 00 84 ff a2 37 a5 3b e6 3e 80 9a 0d 78 d1 f2] in buffer)
DEBUG:ant.base.ant:No new data this period
DEBUG:ant.base.ant:Got broadcast data, examine queue to see if we should send anything back
DEBUG:ant.base.ant: - no messages in queue
DEBUG:ant.base.ant:Read data: [a4 0e 4e 00 84 ff a5 3b d8 3f e7 3e 80 9a 0d 78 d1 81] (now have [a4 0e 4e 00 84 ff a5 3b d8 3f e7 3e 80 9a 0d 78 d1 81] in buffer)
DEBUG:ant.base.ant:Got broadcast data, examine queue to see if we should send anything back
DEBUG:ant.base.ant: - no messages in queue
DEBUG:ant.base.ant:Read data: [a4 0e 4e 00 84 ff a5 3b d8 3f e7 3e 80 9a 0d 78 d1 81] (now have [a4 0e 4e 00 84 ff a5 3b d8 3f e7 3e 80 9a 0d 78 d1 81] in buffer)
DEBUG:ant.base.ant:No new data this period
DEBUG:ant.base.ant:Got broadcast data, examine queue to see if we should send anything back
DEBUG:ant.base.ant: - no messages in queue
DEBUG:ant.base.ant:Read data: [a4 0e 4e 00 04 ff a5 3b d8 3f e7 3e 80 9a 0d 78 d1 01] (now have [a4 0e 4e 00 04 ff a5 3b d8 3f e7 3e 80 9a 0d 78 d1 01] in buffer)
DEBUG:ant.base.ant:Got broadcast data, examine queue to see if we should send anything back
DEBUG:ant.base.ant: - no messages in queue
DEBUG:ant.base.ant:Read data: [a4 0e 4e 00 04 ff a5 3b d8 3f e7 3e 80 9a 0d 78 d1 01] (now have [a4 0e 4e 00 04 ff a5 3b d8 3f e7 3e 80 9a 0d 78 d1 01] in buffer)
DEBUG:ant.base.ant:No new data this period
DEBUG:ant.base.ant:Got broadcast data, examine queue to see if we should send anything back
DEBUG:ant.base.ant: - no messages in queue
DEBUG:ant.base.ant:Read data: [a4 0e 4e 00 04 ff d8 3f e9 43 e8 3d 80 9a 0d 78 d1 39] (now have [a4 0e 4e 00 04 ff d8 3f e9 43 e8 3d 80 9a 0d 78 d1 39] in buffer)
DEBUG:ant.base.ant:Got broadcast data, examine queue to see if we should send anything back
DEBUG:ant.base.ant: - no messages in queue
DEBUG:ant.base.ant:Read data: [a4 0e 4e 00 04 ff d8 3f e9 43 e8 3d 80 9a 0d 78 d1 39] (now have [a4 0e 4e 00 04 ff d8 3f e9 43 e8 3d 80 9a 0d 78 d1 39] in buffer)
DEBUG:ant.base.ant:No new data this period
DEBUG:ant.base.ant:Got broadcast data, examine queue to see if we should send anything back
DEBUG:ant.base.ant: - no messages in queue
DEBUG:ant.base.ant:Read data: [a4 0e 4e 00 84 ff d8 3f e9 43 e8 3d 80 9a 0d 78 d1 b9] (now have [a4 0e 4e 00 84 ff d8 3f e9 43 e8 3d 80 9a 0d 78 d1 b9] in buffer)
DEBUG:ant.base.ant:Got broadcast data, examine queue to see if we should send anything back
DEBUG:ant.base.ant: - no messages in queue
DEBUG:ant.base.ant:Read data: [a4 0e 4e 00 84 ff d8 3f e9 43 e8 3d 80 9a 0d 78 d1 b9] (now have [a4 0e 4e 00 84 ff d8 3f e9 43 e8 3d 80 9a 0d 78 d1 b9] in buffer)
DEBUG:ant.base.ant:No new data this period
DEBUG:ant.base.ant:Got broadcast data, examine queue to see if we should send anything back
DEBUG:ant.base.ant: - no messages in queue
DEBUG:ant.base.ant:Read data: [a4 0e 4e 00 84 ff e9 43 d1 47 e9 3d 80 9a 0d 78 d1 c9] (now have [a4 0e 4e 00 84 ff e9 43 d1 47 e9 3d 80 9a 0d 78 d1 c9] in buffer)
DEBUG:ant.base.ant:Got broadcast data, examine queue to see if we should send anything back
DEBUG:ant.base.ant: - no messages in queue
DEBUG:ant.base.ant:Read data: [a4 0e 4e 00 84 ff e9 43 d1 47 e9 3d 80 9a 0d 78 d1 c9] (now have [a4 0e 4e 00 84 ff e9 43 d1 47 e9 3d 80 9a 0d 78 d1 c9] in buffer)
DEBUG:ant.base.ant:No new data this period
DEBUG:ant.base.ant:Got broadcast data, examine queue to see if we should send anything back
DEBUG:ant.base.ant: - no messages in queue
DEBUG:ant.base.ant:Read data: [a4 0e 4e 00 04 ff e9 43 d1 47 e9 3d 80 9a 0d 78 d1 49] (now have [a4 0e 4e 00 04 ff e9 43 d1 47 e9 3d 80 9a 0d 78 d1 49] in buffer)
DEBUG:ant.base.ant:Got broadcast data, examine queue to see if we should send anything back
DEBUG:ant.base.ant: - no messages in queue
DEBUG:ant.base.ant:Read data: [a4 0e 4e 00 04 ff e9 43 d1 47 e9 3d 80 9a 0d 78 d1 49] (now have [a4 0e 4e 00 04 ff e9 43 d1 47 e9 3d 80 9a 0d 78 d1 49] in buffer)
DEBUG:ant.base.ant:No new data this period
DEBUG:ant.base.ant:Got broadcast data, examine queue to see if we should send anything back
DEBUG:ant.base.ant: - no messages in queue
DEBUG:ant.base.ant:Read data: [a4 0e 4e 00 04 ff e9 43 d1 47 e9 3d 80 9a 0d 78 d1 49] (now have [a4 0e 4e 00 04 ff e9 43 d1 47 e9 3d 80 9a 0d 78 d1 49] in buffer)
DEBUG:ant.base.ant:No new data this period
DEBUG:ant.base.ant:Got broadcast data, examine queue to see if we should send anything back
DEBUG:ant.base.ant: - no messages in queue
DEBUG:ant.base.ant:Read data: [a4 0e 4e 00 04 ff d1 47 e1 4b ea 3d 80 9a 0d 78 d1 4a] (now have [a4 0e 4e 00 04 ff d1 47 e1 4b ea 3d 80 9a 0d 78 d1 4a] in buffer)
DEBUG:ant.base.ant:Got broadcast data, examine queue to see if we should send anything back
DEBUG:ant.base.ant: - no messages in queue
DEBUG:ant.base.ant:Read data: [a4 0e 4e 00 84 ff d1 47 e1 4b ea 3d 80 9a 0d 78 d1 ca] (now have [a4 0e 4e 00 84 ff d1 47 e1 4b ea 3d 80 9a 0d 78 d1 ca] in buffer)
DEBUG:ant.base.ant:Got broadcast data, examine queue to see if we should send anything back
DEBUG:ant.base.ant: - no messages in queue
DEBUG:ant.base.ant:Read data: [a4 0e 4e 00 84 ff d1 47 e1 4b ea 3d 80 9a 0d 78 d1 ca] (now have [a4 0e 4e 00 84 ff d1 47 e1 4b ea 3d 80 9a 0d 78 d1 ca] in buffer)
DEBUG:ant.base.ant:No new data this period
DEBUG:ant.base.ant:Got broadcast data, examine queue to see if we should send anything back
DEBUG:ant.base.ant: - no messages in queue
DEBUG:ant.base.ant:Read data: [a4 0e 4e 00 84 ff e1 4b 02 50 eb 3d 80 9a 0d 78 d1 0f] (now have [a4 0e 4e 00 84 ff e1 4b 02 50 eb 3d 80 9a 0d 78 d1 0f] in buffer)
DEBUG:ant.base.ant:Got broadcast data, examine queue to see if we should send anything back
DEBUG:ant.base.ant: - no messages in queue
DEBUG:ant.base.ant:Read data: [a4 0e 4e 00 04 ff e1 4b 02 50 eb 3d 80 9a 0d 78 d1 8f] (now have [a4 0e 4e 00 04 ff e1 4b 02 50 eb 3d 80 9a 0d 78 d1 8f] in buffer)
DEBUG:ant.base.ant:Got broadcast data, examine queue to see if we should send anything back
DEBUG:ant.base.ant: - no messages in queue
DEBUG:ant.base.ant:Read data: [a4 0e 4e 00 04 ff e1 4b 02 50 eb 3d 80 9a 0d 78 d1 8f] (now have [a4 0e 4e 00 04 ff e1 4b 02 50 eb 3d 80 9a 0d 78 d1 8f] in buffer)
DEBUG:ant.base.ant:No new data this period
DEBUG:ant.base.ant:Got broadcast data, examine queue to see if we should send anything back
DEBUG:ant.base.ant: - no messages in queue
DEBUG:ant.base.ant:Read data: [a4 0e 4e 00 04 ff e1 4b 02 50 eb 3d 80 9a 0d 78 d1 8f] (now have [a4 0e 4e 00 04 ff e1 4b 02 50 eb 3d 80 9a 0d 78 d1 8f] in buffer)
DEBUG:ant.base.ant:No new data this period
DEBUG:ant.base.ant:Got broadcast data, examine queue to see if we should send anything back
DEBUG:ant.base.ant: - no messages in queue
DEBUG:ant.base.ant:Read data: [a4 0e 4e 00 04 ff 02 50 29 54 ec 3c 80 9a 0d 78 d1 5e] (now have [a4 0e 4e 00 04 ff 02 50 29 54 ec 3c 80 9a 0d 78 d1 5e] in buffer)
DEBUG:ant.base.ant:Got broadcast data, examine queue to see if we should send anything back
DEBUG:ant.base.ant: - no messages in queue
DEBUG:ant.base.ant:Read data: [a4 0e 4e 00 84 ff 02 50 29 54 ec 3c 80 9a 0d 78 d1 de] (now have [a4 0e 4e 00 84 ff 02 50 29 54 ec 3c 80 9a 0d 78 d1 de] in buffer)
DEBUG:ant.base.ant:Got broadcast data, examine queue to see if we should send anything back
DEBUG:ant.base.ant: - no messages in queue
DEBUG:ant.base.ant:Read data: [a4 0e 4e 00 84 ff 02 50 29 54 ec 3c 80 9a 0d 78 d1 de] (now have [a4 0e 4e 00 84 ff 02 50 29 54 ec 3c 80 9a 0d 78 d1 de] in buffer)
DEBUG:ant.base.ant:No new data this period
DEBUG:ant.base.ant:Got broadcast data, examine queue to see if we should send anything back
DEBUG:ant.base.ant: - no messages in queue
DEBUG:ant.base.ant:Read data: [a4 0e 4e 00 84 ff 29 54 3c 58 ed 3c 80 9a 0d 78 d1 e9] (now have [a4 0e 4e 00 84 ff 29 54 3c 58 ed 3c 80 9a 0d 78 d1 e9] in buffer)
DEBUG:ant.base.ant:Got broadcast data, examine queue to see if we should send anything back
DEBUG:ant.base.ant: - no messages in queue
DEBUG:ant.base.ant:Read data: [a4 0e 4e 00 04 ff 29 54 3c 58 ed 3c 80 9a 0d 78 d1 69] (now have [a4 0e 4e 00 04 ff 29 54 3c 58 ed 3c 80 9a 0d 78 d1 69] in buffer)
DEBUG:ant.base.ant:Got broadcast data, examine queue to see if we should send anything back
DEBUG:ant.base.ant: - no messages in queue
DEBUG:ant.base.ant:Read data: [a4 0e 4e 00 04 ff 29 54 3c 58 ed 3c 80 9a 0d 78 d1 69] (now have [a4 0e 4e 00 04 ff 29 54 3c 58 ed 3c 80 9a 0d 78 d1 69] in buffer)
DEBUG:ant.base.ant:No new data this period
DEBUG:ant.base.ant:Got broadcast data, examine queue to see if we should send anything back
DEBUG:ant.base.ant: - no messages in queue
DEBUG:ant.base.ant:Read data: [a4 0e 4e 00 04 ff 3c 58 f9 5b ee 3c 80 9a 0d 78 d1 b5] (now have [a4 0e 4e 00 04 ff 3c 58 f9 5b ee 3c 80 9a 0d 78 d1 b5] in buffer)
DEBUG:ant.base.ant:Got broadcast data, examine queue to see if we should send anything back
DEBUG:ant.base.ant: - no messages in queue
DEBUG:ant.base.ant:Read data: [a4 0e 4e 00 84 ff 3c 58 f9 5b ee 3c 80 9a 0d 78 d1 35] (now have [a4 0e 4e 00 84 ff 3c 58 f9 5b ee 3c 80 9a 0d 78 d1 35] in buffer)
DEBUG:ant.base.ant:Got broadcast data, examine queue to see if we should send anything back
DEBUG:ant.base.ant: - no messages in queue
DEBUG:ant.base.ant:Read data: [a4 0e 4e 00 84 ff 3c 58 f9 5b ee 3c 80 9a 0d 78 d1 35] (now have [a4 0e 4e 00 84 ff 3c 58 f9 5b ee 3c 80 9a 0d 78 d1 35] in buffer)
DEBUG:ant.base.ant:No new data this period
DEBUG:ant.base.ant:Got broadcast data, examine queue to see if we should send anything back
DEBUG:ant.base.ant: - no messages in queue
DEBUG:ant.base.ant:Read data: [a4 0e 4e 00 84 ff 3c 58 f9 5b ee 3c 80 9a 0d 78 d1 35] (now have [a4 0e 4e 00 84 ff 3c 58 f9 5b ee 3c 80 9a 0d 78 d1 35] in buffer)
DEBUG:ant.base.ant:No new data this period
DEBUG:ant.base.ant:Got broadcast data, examine queue to see if we should send anything back
DEBUG:ant.base.ant: - no messages in queue
DEBUG:ant.base.ant:Read data: [a4 0e 4e 00 84 ff f9 5b a4 5f ef 3d 80 9a 0d 78 d1 aa] (now have [a4 0e 4e 00 84 ff f9 5b a4 5f ef 3d 80 9a 0d 78 d1 aa] in buffer)
DEBUG:ant.base.ant:Got broadcast data, examine queue to see if we should send anything back
DEBUG:ant.base.ant: - no messages in queue
DEBUG:ant.base.ant:Read data: [a4 0e 4e 00 04 ff f9 5b a4 5f ef 3d 80 9a 0d 78 d1 2a] (now have [a4 0e 4e 00 04 ff f9 5b a4 5f ef 3d 80 9a 0d 78 d1 2a] in buffer)
DEBUG:ant.easy.node:Stoping ant.easy
DEBUG:ant.base.ant:Stoping ant.base
DEBUG:ant.base.ant:Got broadcast data, examine queue to see if we should send anything back
DEBUG:ant.base.ant: - no messages in queue
DEBUG:ant.base.ant:Ant runner stopped
DEBUG:ant.base.driver:USB Find device, vendor 0xfcf, product 0x1009
DEBUG:ant.base.driver:USB Config values:
DEBUG:ant.base.driver: Config 1
DEBUG:ant.base.driver:  Interface 0, Alt 0
DEBUG:ant.base.driver:   Endpoint 129
DEBUG:ant.base.driver:   Endpoint 1
DEBUG:ant.base.driver:No kernel driver active
DEBUG:ant.base.driver:UBS Endpoint out:       ENDPOINT 0x1: Bulk OUT ===============================
       bLength          :    0x7 (7 bytes)
       bDescriptorType  :    0x5 Endpoint
       bEndpointAddress :    0x1 OUT
       bmAttributes     :    0x2 Bulk
       wMaxPacketSize   :   0x40 (64 bytes)
       bInterval        :    0x1, 1
DEBUG:ant.base.driver:UBS Endpoint in:       ENDPOINT 0x81: Bulk IN ===============================
       bLength          :    0x7 (7 bytes)
       bDescriptorType  :    0x5 Endpoint
       bEndpointAddress :   0x81 IN
       bmAttributes     :    0x2 Bulk
       wMaxPacketSize   :   0x40 (64 bytes)
       bInterval        :    0x1, 129
DEBUG:ant.base.ant:Ant runner started
DEBUG:ant.base.ant:Write data: [a4 01 4a 00 ef]
DEBUG:ant.base.ant:Read data: [a4 01 6f 20 ea] (now have [a4 01 6f 20 ea] in buffer)
WARNING:ant.base.ant:<class 'usb.core.USBTimeoutError'>, (60, 'Operation timed out')
DEBUG:ant.base.ant:Write data: [a4 09 46 00 b9 a5 21 fb bd 72 c3 45 64]
DEBUG:ant.easy.filter:wait for message matching <function wait_for_response.<locals>.match at 0x10633a2f0>
DEBUG:ant.base.ant:Read data: [a4 03 40 00 46 00 a1] (now have [a4 03 40 00 46 00 a1] in buffer)
DEBUG:ant.easy.filter:looking for matching message in deque([(None, 111, array('B', [32]))])
DEBUG:ant.easy.filter: - could not find response matching <function wait_for_response.<locals>.match at 0x10633a2f0>
DEBUG:ant.easy.filter:looking for matching message in deque([(None, 111, array('B', [32])), (0, 70, array('B', [0]))])
DEBUG:ant.easy.filter: - response found (0, 70, array('B', [0]))
DEBUG:ant.base.ant:Write data: [a4 04 42 00 00 00 01 e3]
DEBUG:ant.easy.filter:wait for message matching <function wait_for_response.<locals>.match at 0x10633a268>
DEBUG:ant.easy.filter:looking for matching message in deque([(None, 111, array('B', [32]))])
DEBUG:ant.easy.filter: - could not find response matching <function wait_for_response.<locals>.match at 0x10633a268>
DEBUG:ant.base.ant:Read data: [a4 03 40 00 42 00 a5] (now have [a4 03 40 00 42 00 a5] in buffer)
DEBUG:ant.easy.filter:looking for matching message in deque([(None, 111, array('B', [32])), (0, 66, array('B', [0]))])
DEBUG:ant.easy.filter: - response found (0, 66, array('B', [0]))
DEBUG:ant.base.ant:Write data: [a4 05 51 00 00 00 78 00 88]
DEBUG:ant.easy.filter:wait for message matching <function wait_for_response.<locals>.match at 0x10633a2f0>
DEBUG:ant.easy.filter:looking for matching message in deque([(None, 111, array('B', [32]))])
DEBUG:ant.easy.filter: - could not find response matching <function wait_for_response.<locals>.match at 0x10633a2f0>
DEBUG:ant.base.ant:Read data: [a4 03 40 00 51 00 b6] (now have [a4 03 40 00 51 00 b6] in buffer)
DEBUG:ant.easy.filter:looking for matching message in deque([(None, 111, array('B', [32])), (0, 81, array('B', [0]))])
DEBUG:ant.easy.filter: - response found (0, 81, array('B', [0]))
DEBUG:ant.base.ant:Write data: [a4 02 66 00 01 c1]
DEBUG:ant.easy.filter:wait for message matching <function wait_for_response.<locals>.match at 0x10633a268>
DEBUG:ant.easy.filter:looking for matching message in deque([(None, 111, array('B', [32]))])
DEBUG:ant.easy.filter: - could not find response matching <function wait_for_response.<locals>.match at 0x10633a268>
DEBUG:ant.base.ant:Read data: [a4 03 40 00 66 00 81] (now have [a4 03 40 00 66 00 81] in buffer)
DEBUG:ant.easy.filter:looking for matching message in deque([(None, 111, array('B', [32])), (0, 102, array('B', [0]))])
DEBUG:ant.easy.filter: - response found (0, 102, array('B', [0]))
DEBUG:ant.base.ant:Write data: [a4 02 44 00 ff 1d]
DEBUG:ant.easy.filter:wait for message matching <function wait_for_response.<locals>.match at 0x10633a2f0>
DEBUG:ant.easy.filter:looking for matching message in deque([(None, 111, array('B', [32]))])
DEBUG:ant.easy.filter: - could not find response matching <function wait_for_response.<locals>.match at 0x10633a2f0>
DEBUG:ant.base.ant:Read data: [a4 03 40 00 44 00 a3] (now have [a4 03 40 00 44 00 a3] in buffer)
DEBUG:ant.easy.filter:looking for matching message in deque([(None, 111, array('B', [32])), (0, 68, array('B', [0]))])
DEBUG:ant.easy.filter: - response found (0, 68, array('B', [0]))
DEBUG:ant.base.ant:Write data: [a4 03 43 00 86 1f 7d]
DEBUG:ant.easy.filter:wait for message matching <function wait_for_response.<locals>.match at 0x10633a268>
DEBUG:ant.easy.filter:looking for matching message in deque([(None, 111, array('B', [32]))])
DEBUG:ant.easy.filter: - could not find response matching <function wait_for_response.<locals>.match at 0x10633a268>
DEBUG:ant.base.ant:Read data: [a4 03 40 00 43 00 a4] (now have [a4 03 40 00 43 00 a4] in buffer)
DEBUG:ant.easy.filter:looking for matching message in deque([(None, 111, array('B', [32])), (0, 67, array('B', [0]))])
DEBUG:ant.easy.filter: - response found (0, 67, array('B', [0]))
DEBUG:ant.base.ant:Write data: [a4 02 45 00 39 da]
DEBUG:ant.easy.filter:wait for message matching <function wait_for_response.<locals>.match at 0x10633a2f0>
DEBUG:ant.easy.filter:looking for matching message in deque([(None, 111, array('B', [32]))])
DEBUG:ant.easy.filter: - could not find response matching <function wait_for_response.<locals>.match at 0x10633a2f0>
DEBUG:ant.base.ant:Read data: [a4 03 40 00 45 00 a2] (now have [a4 03 40 00 45 00 a2] in buffer)
DEBUG:ant.easy.filter:looking for matching message in deque([(None, 111, array('B', [32])), (0, 69, array('B', [0]))])
DEBUG:ant.easy.filter: - response found (0, 69, array('B', [0]))
DEBUG:ant.base.ant:Write data: [a4 01 4b 00 ee]
DEBUG:ant.easy.filter:wait for message matching <function wait_for_response.<locals>.match at 0x10633a268>
DEBUG:ant.easy.filter:looking for matching message in deque([(None, 111, array('B', [32]))])
DEBUG:ant.easy.filter: - could not find response matching <function wait_for_response.<locals>.match at 0x10633a268>
DEBUG:ant.base.ant:Read data: [a4 03 40 00 4b 00 ac] (now have [a4 03 40 00 4b 00 ac] in buffer)
DEBUG:ant.easy.filter:looking for matching message in deque([(None, 111, array('B', [32])), (0, 75, array('B', [0]))])
DEBUG:ant.easy.filter: - response found (0, 75, array('B', [0]))
DEBUG:ant.base.ant:Read data: [a4 0e 4e 00 84 ff c1 a2 59 a6 6c 3f 80 9a 0d 78 d1 ee] (now have [a4 0e 4e 00 84 ff c1 a2 59 a6 6c 3f 80 9a 0d 78 d1 ee] in buffer)
DEBUG:ant.base.ant:Got broadcast data, examine queue to see if we should send anything back
DEBUG:ant.base.ant: - no messages in queue
DEBUG:ant.base.ant:Read data: [a4 0e 4e 00 04 ff 59 a6 2a aa 6d 3f 80 9a 0d 78 d1 8c] (now have [a4 0e 4e 00 04 ff 59 a6 2a aa 6d 3f 80 9a 0d 78 d1 8c] in buffer)
DEBUG:ant.base.ant:Got broadcast data, examine queue to see if we should send anything back
DEBUG:ant.base.ant: - no messages in queue
DEBUG:ant.base.ant:Read data: [a4 0e 4e 00 04 ff 59 a6 2a aa 6d 3f 80 9a 0d 78 d1 8c] (now have [a4 0e 4e 00 04 ff 59 a6 2a aa 6d 3f 80 9a 0d 78 d1 8c] in buffer)
DEBUG:ant.base.ant:No new data this period
DEBUG:ant.base.ant:Got broadcast data, examine queue to see if we should send anything back
DEBUG:ant.base.ant: - no messages in queue
DEBUG:ant.base.ant:Read data: [a4 0e 4e 00 04 ff 59 a6 2a aa 6d 3f 80 9a 0d 78 d1 8c] (now have [a4 0e 4e 00 04 ff 59 a6 2a aa 6d 3f 80 9a 0d 78 d1 8c] in buffer)
DEBUG:ant.base.ant:No new data this period
DEBUG:ant.base.ant:Got broadcast data, examine queue to see if we should send anything back
DEBUG:ant.base.ant: - no messages in queue
DEBUG:ant.base.ant:Read data: [a4 0e 4e 00 04 ff 59 a6 2a aa 6d 3f 80 9a 0d 78 d1 8c] (now have [a4 0e 4e 00 04 ff 59 a6 2a aa 6d 3f 80 9a 0d 78 d1 8c] in buffer)
DEBUG:ant.base.ant:No new data this period
DEBUG:ant.base.ant:Got broadcast data, examine queue to see if we should send anything back
DEBUG:ant.base.ant: - no messages in queue
DEBUG:ant.base.ant:Read data: [a4 0e 4e 00 84 ff 2a aa 34 ae 6e 3e 80 9a 0d 78 d1 6b] (now have [a4 0e 4e 00 84 ff 2a aa 34 ae 6e 3e 80 9a 0d 78 d1 6b] in buffer)
DEBUG:ant.base.ant:Got broadcast data, examine queue to see if we should send anything back
DEBUG:ant.base.ant: - no messages in queue
DEBUG:ant.base.ant:Read data: [a4 0e 4e 00 84 ff 2a aa 34 ae 6e 3e 80 9a 0d 78 d1 6b] (now have [a4 0e 4e 00 84 ff 2a aa 34 ae 6e 3e 80 9a 0d 78 d1 6b] in buffer)
DEBUG:ant.base.ant:No new data this period
DEBUG:ant.base.ant:Got broadcast data, examine queue to see if we should send anything back
DEBUG:ant.base.ant: - no messages in queue
DEBUG:ant.base.ant:Read data: [a4 0e 4e 00 84 ff 2a aa 34 ae 6e 3e 80 9a 0d 78 d1 6b] (now have [a4 0e 4e 00 84 ff 2a aa 34 ae 6e 3e 80 9a 0d 78 d1 6b] in buffer)
DEBUG:ant.base.ant:No new data this period
DEBUG:ant.base.ant:Got broadcast data, examine queue to see if we should send anything back
DEBUG:ant.base.ant: - no messages in queue
DEBUG:ant.base.ant:Read data: [a4 0e 4e 00 84 ff 2a aa 34 ae 6e 3e 80 9a 0d 78 d1 6b] (now have [a4 0e 4e 00 84 ff 2a aa 34 ae 6e 3e 80 9a 0d 78 d1 6b] in buffer)
DEBUG:ant.base.ant:No new data this period
DEBUG:ant.base.ant:Got broadcast data, examine queue to see if we should send anything back
DEBUG:ant.base.ant: - no messages in queue
DEBUG:ant.base.ant:Read data: [a4 0e 4e 00 04 ff 34 ae 5e b2 6f 3e 80 9a 0d 78 d1 86] (now have [a4 0e 4e 00 04 ff 34 ae 5e b2 6f 3e 80 9a 0d 78 d1 86] in buffer)
DEBUG:ant.base.ant:Got broadcast data, examine queue to see if we should send anything back
DEBUG:ant.base.ant: - no messages in queue
DEBUG:ant.base.ant:Read data: [a4 0e 4e 00 04 ff 34 ae 5e b2 6f 3e 80 9a 0d 78 d1 86] (now have [a4 0e 4e 00 04 ff 34 ae 5e b2 6f 3e 80 9a 0d 78 d1 86] in buffer)
DEBUG:ant.base.ant:No new data this period
DEBUG:ant.base.ant:Got broadcast data, examine queue to see if we should send anything back
DEBUG:ant.base.ant: - no messages in queue
DEBUG:ant.base.ant:Read data: [a4 0e 4e 00 04 ff 34 ae 5e b2 6f 3e 80 9a 0d 78 d1 86] (now have [a4 0e 4e 00 04 ff 34 ae 5e b2 6f 3e 80 9a 0d 78 d1 86] in buffer)
DEBUG:ant.base.ant:No new data this period
DEBUG:ant.base.ant:Got broadcast data, examine queue to see if we should send anything back
DEBUG:ant.base.ant: - no messages in queue
DEBUG:ant.base.ant:Read data: [a4 0e 4e 00 04 ff 34 ae 5e b2 6f 3e 80 9a 0d 78 d1 86] (now have [a4 0e 4e 00 04 ff 34 ae 5e b2 6f 3e 80 9a 0d 78 d1 86] in buffer)
DEBUG:ant.base.ant:No new data this period
DEBUG:ant.base.ant:Got broadcast data, examine queue to see if we should send anything back
DEBUG:ant.base.ant: - no messages in queue
DEBUG:ant.base.ant:Read data: [a4 0e 4e 00 84 ff 5e b2 65 b6 70 3d 80 9a 0d 78 d1 53] (now have [a4 0e 4e 00 84 ff 5e b2 65 b6 70 3d 80 9a 0d 78 d1 53] in buffer)
DEBUG:ant.base.ant:Got broadcast data, examine queue to see if we should send anything back
DEBUG:ant.base.ant: - no messages in queue
DEBUG:ant.base.ant:Read data: [a4 0e 4e 00 84 ff 5e b2 65 b6 70 3d 80 9a 0d 78 d1 53] (now have [a4 0e 4e 00 84 ff 5e b2 65 b6 70 3d 80 9a 0d 78 d1 53] in buffer)
DEBUG:ant.base.ant:No new data this period
DEBUG:ant.base.ant:Got broadcast data, examine queue to see if we should send anything back
DEBUG:ant.base.ant: - no messages in queue
DEBUG:ant.base.ant:Read data: [a4 0e 4e 00 84 ff 5e b2 65 b6 70 3d 80 9a 0d 78 d1 53] (now have [a4 0e 4e 00 84 ff 5e b2 65 b6 70 3d 80 9a 0d 78 d1 53] in buffer)
DEBUG:ant.base.ant:No new data this period
DEBUG:ant.base.ant:Got broadcast data, examine queue to see if we should send anything back
DEBUG:ant.base.ant: - no messages in queue
DEBUG:ant.base.ant:Read data: [a4 0e 4e 00 84 ff 5e b2 65 b6 70 3d 80 9a 0d 78 d1 53] (now have [a4 0e 4e 00 84 ff 5e b2 65 b6 70 3d 80 9a 0d 78 d1 53] in buffer)
DEBUG:ant.base.ant:No new data this period
DEBUG:ant.base.ant:Got broadcast data, examine queue to see if we should send anything back
DEBUG:ant.base.ant: - no messages in queue
DEBUG:ant.base.ant:Read data: [a4 0e 4e 00 04 ff 65 b6 24 ba 71 3e 80 9a 0d 78 d1 a3] (now have [a4 0e 4e 00 04 ff 65 b6 24 ba 71 3e 80 9a 0d 78 d1 a3] in buffer)
DEBUG:ant.base.ant:Got broadcast data, examine queue to see if we should send anything back
DEBUG:ant.base.ant: - no messages in queue
DEBUG:ant.base.ant:Read data: [a4 0e 4e 00 04 ff 65 b6 24 ba 71 3e 80 9a 0d 78 d1 a3] (now have [a4 0e 4e 00 04 ff 65 b6 24 ba 71 3e 80 9a 0d 78 d1 a3] in buffer)
DEBUG:ant.base.ant:No new data this period
DEBUG:ant.base.ant:Got broadcast data, examine queue to see if we should send anything back
DEBUG:ant.base.ant: - no messages in queue
DEBUG:ant.base.ant:Read data: [a4 0e 4e 00 04 ff 65 b6 24 ba 71 3e 80 9a 0d 78 d1 a3] (now have [a4 0e 4e 00 04 ff 65 b6 24 ba 71 3e 80 9a 0d 78 d1 a3] in buffer)
DEBUG:ant.base.ant:No new data this period
DEBUG:ant.base.ant:Got broadcast data, examine queue to see if we should send anything back
DEBUG:ant.base.ant: - no messages in queue
DEBUG:ant.base.ant:Read data: [a4 0e 4e 00 04 ff 65 b6 24 ba 71 3e 80 9a 0d 78 d1 a3] (now have [a4 0e 4e 00 04 ff 65 b6 24 ba 71 3e 80 9a 0d 78 d1 a3] in buffer)
DEBUG:ant.base.ant:No new data this period
DEBUG:ant.base.ant:Got broadcast data, examine queue to see if we should send anything back
DEBUG:ant.base.ant: - no messages in queue
DEBUG:ant.base.ant:Read data: [a4 0e 4e 00 86 ff 00 00 fc bd 72 3e 80 9a 0d 78 d1 2e] (now have [a4 0e 4e 00 86 ff 00 00 fc bd 72 3e 80 9a 0d 78 d1 2e] in buffer)
DEBUG:ant.base.ant:Got broadcast data, examine queue to see if we should send anything back
DEBUG:ant.base.ant: - no messages in queue
DEBUG:ant.base.ant:Read data: [a4 0e 4e 00 86 ff 00 00 fc bd 72 3e 80 9a 0d 78 d1 2e] (now have [a4 0e 4e 00 86 ff 00 00 fc bd 72 3e 80 9a 0d 78 d1 2e] in buffer)
DEBUG:ant.base.ant:No new data this period
DEBUG:ant.base.ant:Got broadcast data, examine queue to see if we should send anything back
DEBUG:ant.base.ant: - no messages in queue
DEBUG:ant.base.ant:Read data: [a4 0e 4e 00 86 ff 00 00 fc bd 72 3e 80 9a 0d 78 d1 2e] (now have [a4 0e 4e 00 86 ff 00 00 fc bd 72 3e 80 9a 0d 78 d1 2e] in buffer)
DEBUG:ant.base.ant:No new data this period
DEBUG:ant.base.ant:Got broadcast data, examine queue to see if we should send anything back
DEBUG:ant.base.ant: - no messages in queue
DEBUG:ant.base.ant:Read data: [a4 0e 4e 00 86 ff 00 00 fc bd 72 3e 80 9a 0d 78 d1 2e] (now have [a4 0e 4e 00 86 ff 00 00 fc bd 72 3e 80 9a 0d 78 d1 2e] in buffer)
DEBUG:ant.base.ant:No new data this period
DEBUG:ant.base.ant:Got broadcast data, examine queue to see if we should send anything back
DEBUG:ant.base.ant: - no messages in queue
DEBUG:ant.base.ant:Read data: [a4 0e 4e 00 04 ff fc bd dd c1 73 3e 80 9a 0d 78 d1 b1] (now have [a4 0e 4e 00 04 ff fc bd dd c1 73 3e 80 9a 0d 78 d1 b1] in buffer)
DEBUG:ant.base.ant:Got broadcast data, examine queue to see if we should send anything back
DEBUG:ant.base.ant: - no messages in queue
DEBUG:ant.base.ant:Read data: [a4 0e 4e 00 04 ff fc bd dd c1 73 3e 80 9a 0d 78 d1 b1] (now have [a4 0e 4e 00 04 ff fc bd dd c1 73 3e 80 9a 0d 78 d1 b1] in buffer)
DEBUG:ant.base.ant:No new data this period
DEBUG:ant.base.ant:Got broadcast data, examine queue to see if we should send anything back
DEBUG:ant.base.ant: - no messages in queue
DEBUG:ant.base.ant:Read data: [a4 0e 4e 00 04 ff fc bd dd c1 73 3e 80 9a 0d 78 d1 b1] (now have [a4 0e 4e 00 04 ff fc bd dd c1 73 3e 80 9a 0d 78 d1 b1] in buffer)
DEBUG:ant.base.ant:No new data this period
DEBUG:ant.base.ant:Got broadcast data, examine queue to see if we should send anything back
DEBUG:ant.base.ant: - no messages in queue
DEBUG:ant.base.ant:Read data: [a4 0e 4e 00 04 ff fc bd dd c1 73 3e 80 9a 0d 78 d1 b1] (now have [a4 0e 4e 00 04 ff fc bd dd c1 73 3e 80 9a 0d 78 d1 b1] in buffer)
DEBUG:ant.base.ant:No new data this period
DEBUG:ant.base.ant:Got broadcast data, examine queue to see if we should send anything back
DEBUG:ant.base.ant: - no messages in queue
DEBUG:ant.base.ant:Read data: [a4 0e 4e 00 84 ff dd c1 c3 c5 74 3d 80 9a 0d 78 d1 72] (now have [a4 0e 4e 00 84 ff dd c1 c3 c5 74 3d 80 9a 0d 78 d1 72] in buffer)
DEBUG:ant.base.ant:Got broadcast data, examine queue to see if we should send anything back
DEBUG:ant.base.ant: - no messages in queue
DEBUG:ant.base.ant:Read data: [a4 0e 4e 00 84 ff dd c1 c3 c5 74 3d 80 9a 0d 78 d1 72] (now have [a4 0e 4e 00 84 ff dd c1 c3 c5 74 3d 80 9a 0d 78 d1 72] in buffer)
DEBUG:ant.base.ant:No new data this period
DEBUG:ant.base.ant:Got broadcast data, examine queue to see if we should send anything back
DEBUG:ant.base.ant: - no messages in queue
DEBUG:ant.base.ant:Read data: [a4 0e 4e 00 84 ff dd c1 c3 c5 74 3d 80 9a 0d 78 d1 72] (now have [a4 0e 4e 00 84 ff dd c1 c3 c5 74 3d 80 9a 0d 78 d1 72] in buffer)
DEBUG:ant.base.ant:No new data this period
DEBUG:ant.base.ant:Got broadcast data, examine queue to see if we should send anything back
DEBUG:ant.base.ant: - no messages in queue
DEBUG:ant.base.ant:Read data: [a4 0e 4e 00 84 ff c3 c5 69 c9 75 3e 80 9a 0d 78 d1 cc] (now have [a4 0e 4e 00 84 ff c3 c5 69 c9 75 3e 80 9a 0d 78 d1 cc] in buffer)
DEBUG:ant.base.ant:Got broadcast data, examine queue to see if we should send anything back
DEBUG:ant.base.ant: - no messages in queue
DEBUG:ant.base.ant:Read data: [a4 0e 4e 00 04 ff c3 c5 69 c9 75 3e 80 9a 0d 78 d1 4c] (now have [a4 0e 4e 00 04 ff c3 c5 69 c9 75 3e 80 9a 0d 78 d1 4c] in buffer)
DEBUG:ant.base.ant:Got broadcast data, examine queue to see if we should send anything back
DEBUG:ant.base.ant: - no messages in queue
DEBUG:ant.base.ant:Read data: [a4 0e 4e 00 04 ff c3 c5 69 c9 75 3e 80 9a 0d 78 d1 4c] (now have [a4 0e 4e 00 04 ff c3 c5 69 c9 75 3e 80 9a 0d 78 d1 4c] in buffer)
DEBUG:ant.base.ant:No new data this period
DEBUG:ant.base.ant:Got broadcast data, examine queue to see if we should send anything back
DEBUG:ant.base.ant: - no messages in queue
DEBUG:ant.base.ant:Read data: [a4 0e 4e 00 04 ff c3 c5 69 c9 75 3e 80 9a 0d 78 d1 4c] (now have [a4 0e 4e 00 04 ff c3 c5 69 c9 75 3e 80 9a 0d 78 d1 4c] in buffer)
DEBUG:ant.base.ant:No new data this period
DEBUG:ant.base.ant:Got broadcast data, examine queue to see if we should send anything back
DEBUG:ant.base.ant: - no messages in queue
DEBUG:ant.base.ant:Read data: [a4 0e 4e 00 04 ff 69 c9 d3 cc 76 3f 80 9a 0d 78 d1 57] (now have [a4 0e 4e 00 04 ff 69 c9 d3 cc 76 3f 80 9a 0d 78 d1 57] in buffer)
DEBUG:ant.base.ant:Got broadcast data, examine queue to see if we should send anything back
DEBUG:ant.base.ant: - no messages in queue
DEBUG:ant.base.ant:Read data: [a4 0e 4e 00 84 ff 69 c9 d3 cc 76 3f 80 9a 0d 78 d1 d7] (now have [a4 0e 4e 00 84 ff 69 c9 d3 cc 76 3f 80 9a 0d 78 d1 d7] in buffer)
DEBUG:ant.base.ant:Got broadcast data, examine queue to see if we should send anything back
DEBUG:ant.base.ant: - no messages in queue
DEBUG:ant.base.ant:Read data: [a4 0e 4e 00 84 ff 69 c9 d3 cc 76 3f 80 9a 0d 78 d1 d7] (now have [a4 0e 4e 00 84 ff 69 c9 d3 cc 76 3f 80 9a 0d 78 d1 d7] in buffer)
DEBUG:ant.base.ant:No new data this period
DEBUG:ant.base.ant:Got broadcast data, examine queue to see if we should send anything back
DEBUG:ant.base.ant: - no messages in queue
DEBUG:ant.base.ant:Read data: [a4 0e 4e 00 84 ff 69 c9 d3 cc 76 3f 80 9a 0d 78 d1 d7] (now have [a4 0e 4e 00 84 ff 69 c9 d3 cc 76 3f 80 9a 0d 78 d1 d7] in buffer)
DEBUG:ant.base.ant:No new data this period
DEBUG:ant.base.ant:Got broadcast data, examine queue to see if we should send anything back
DEBUG:ant.base.ant: - no messages in queue
DEBUG:ant.base.ant:Read data: [a4 0e 4e 00 84 ff d3 cc 70 d0 77 3f 80 9a 0d 78 d1 d6] (now have [a4 0e 4e 00 84 ff d3 cc 70 d0 77 3f 80 9a 0d 78 d1 d6] in buffer)
DEBUG:ant.base.ant:Got broadcast data, examine queue to see if we should send anything back
DEBUG:ant.base.ant: - no messages in queue
DEBUG:ant.base.ant:Read data: [a4 0e 4e 00 04 ff d3 cc 70 d0 77 3f 80 9a 0d 78 d1 56] (now have [a4 0e 4e 00 04 ff d3 cc 70 d0 77 3f 80 9a 0d 78 d1 56] in buffer)
DEBUG:ant.base.ant:Got broadcast data, examine queue to see if we should send anything back
DEBUG:ant.base.ant: - no messages in queue
DEBUG:ant.base.ant:Read data: [a4 0e 4e 00 04 ff 70 d0 34 d4 78 3f 80 9a 0d 78 d1 a6] (now have [a4 0e 4e 00 04 ff 70 d0 34 d4 78 3f 80 9a 0d 78 d1 a6] in buffer)
DEBUG:ant.base.ant:Got broadcast data, examine queue to see if we should send anything back
DEBUG:ant.base.ant: - no messages in queue
DEBUG:ant.base.ant:Read data: [a4 0e 4e 00 04 ff 70 d0 34 d4 78 3f 80 9a 0d 78 d1 a6] (now have [a4 0e 4e 00 04 ff 70 d0 34 d4 78 3f 80 9a 0d 78 d1 a6] in buffer)
DEBUG:ant.base.ant:No new data this period
DEBUG:ant.base.ant:Got broadcast data, examine queue to see if we should send anything back
DEBUG:ant.base.ant: - no messages in queue
DEBUG:ant.base.ant:Read data: [a4 0e 4e 00 84 ff 70 d0 34 d4 78 3f 80 9a 0d 78 d1 26] (now have [a4 0e 4e 00 84 ff 70 d0 34 d4 78 3f 80 9a 0d 78 d1 26] in buffer)
DEBUG:ant.base.ant:Got broadcast data, examine queue to see if we should send anything back
DEBUG:ant.base.ant: - no messages in queue
DEBUG:ant.base.ant:Read data: [a4 0e 4e 00 84 ff 70 d0 34 d4 78 3f 80 9a 0d 78 d1 26] (now have [a4 0e 4e 00 84 ff 70 d0 34 d4 78 3f 80 9a 0d 78 d1 26] in buffer)
DEBUG:ant.base.ant:No new data this period
DEBUG:ant.base.ant:Got broadcast data, examine queue to see if we should send anything back
DEBUG:ant.base.ant: - no messages in queue
DEBUG:ant.base.ant:Read data: [a4 0e 4e 00 84 ff 34 d4 2a d8 79 3f 80 9a 0d 78 d1 75] (now have [a4 0e 4e 00 84 ff 34 d4 2a d8 79 3f 80 9a 0d 78 d1 75] in buffer)
DEBUG:ant.base.ant:Got broadcast data, examine queue to see if we should send anything back
DEBUG:ant.base.ant: - no messages in queue
DEBUG:ant.base.ant:Read data: [a4 0e 4e 00 84 ff 34 d4 2a d8 79 3f 80 9a 0d 78 d1 75] (now have [a4 0e 4e 00 84 ff 34 d4 2a d8 79 3f 80 9a 0d 78 d1 75] in buffer)
DEBUG:ant.base.ant:No new data this period
DEBUG:ant.base.ant:Got broadcast data, examine queue to see if we should send anything back
DEBUG:ant.base.ant: - no messages in queue
DEBUG:ant.base.ant:Read data: [a4 0e 4e 00 04 ff 34 d4 2a d8 79 3f 80 9a 0d 78 d1 f5] (now have [a4 0e 4e 00 04 ff 34 d4 2a d8 79 3f 80 9a 0d 78 d1 f5] in buffer)
DEBUG:ant.base.ant:Got broadcast data, examine queue to see if we should send anything back
DEBUG:ant.base.ant: - no messages in queue
DEBUG:ant.base.ant:Read data: [a4 0e 4e 00 04 ff 34 d4 2a d8 79 3f 80 9a 0d 78 d1 f5] (now have [a4 0e 4e 00 04 ff 34 d4 2a d8 79 3f 80 9a 0d 78 d1 f5] in buffer)
DEBUG:ant.base.ant:No new data this period
DEBUG:ant.base.ant:Got broadcast data, examine queue to see if we should send anything back
DEBUG:ant.base.ant: - no messages in queue
DEBUG:ant.base.ant:Read data: [a4 0e 4e 00 04 ff 2a d8 d3 db 7a 3f 80 9a 0d 78 d1 1e] (now have [a4 0e 4e 00 04 ff 2a d8 d3 db 7a 3f 80 9a 0d 78 d1 1e] in buffer)
DEBUG:ant.base.ant:Got broadcast data, examine queue to see if we should send anything back
DEBUG:ant.base.ant: - no messages in queue
DEBUG:ant.base.ant:Read data: [a4 0e 4e 00 84 ff d3 db 59 df 7b 40 80 9a 0d 78 d1 94] (now have [a4 0e 4e 00 84 ff d3 db 59 df 7b 40 80 9a 0d 78 d1 94] in buffer)
DEBUG:ant.base.ant:Got broadcast data, examine queue to see if we should send anything back
DEBUG:ant.base.ant: - no messages in queue
DEBUG:ant.base.ant:Read data: [a4 0e 4e 00 84 ff d3 db 59 df 7b 40 80 9a 0d 78 d1 94] (now have [a4 0e 4e 00 84 ff d3 db 59 df 7b 40 80 9a 0d 78 d1 94] in buffer)
DEBUG:ant.base.ant:No new data this period
DEBUG:ant.base.ant:Got broadcast data, examine queue to see if we should send anything back
DEBUG:ant.base.ant: - no messages in queue
DEBUG:ant.base.ant:Read data: [a4 0e 4e 00 04 ff d3 db 59 df 7b 40 80 9a 0d 78 d1 14] (now have [a4 0e 4e 00 04 ff d3 db 59 df 7b 40 80 9a 0d 78 d1 14] in buffer)
DEBUG:ant.base.ant:Got broadcast data, examine queue to see if we should send anything back
DEBUG:ant.base.ant: - no messages in queue
DEBUG:ant.base.ant:Read data: [a4 0e 4e 00 04 ff 59 df ad e2 7c 41 80 9a 0d 78 d1 55] (now have [a4 0e 4e 00 04 ff 59 df ad e2 7c 41 80 9a 0d 78 d1 55] in buffer)
DEBUG:ant.base.ant:Got broadcast data, examine queue to see if we should send anything back
DEBUG:ant.base.ant: - no messages in queue
DEBUG:ant.base.ant:Read data: [a4 0e 4e 00 04 ff 59 df ad e2 7c 41 80 9a 0d 78 d1 55] (now have [a4 0e 4e 00 04 ff 59 df ad e2 7c 41 80 9a 0d 78 d1 55] in buffer)
DEBUG:ant.base.ant:No new data this period
DEBUG:ant.base.ant:Got broadcast data, examine queue to see if we should send anything back
DEBUG:ant.base.ant: - no messages in queue
DEBUG:ant.base.ant:Read data: [a4 0e 4e 00 04 ff 59 df ad e2 7c 41 80 9a 0d 78 d1 55] (now have [a4 0e 4e 00 04 ff 59 df ad e2 7c 41 80 9a 0d 78 d1 55] in buffer)
DEBUG:ant.base.ant:No new data this period
DEBUG:ant.base.ant:Got broadcast data, examine queue to see if we should send anything back
DEBUG:ant.base.ant: - no messages in queue
WARNING:ant.base.ant:<class 'usb.core.USBTimeoutError'>, (60, 'Operation timed out')
WARNING:ant.base.ant:<class 'usb.core.USBTimeoutError'>, (60, 'Operation timed out')
WARNING:ant.base.ant:<class 'usb.core.USBTimeoutError'>, (60, 'Operation timed out')
WARNING:ant.base.ant:<class 'usb.core.USBTimeoutError'>, (60, 'Operation timed out')
WARNING:ant.base.ant:<class 'usb.core.USBTimeoutError'>, (60, 'Operation timed out')
WARNING:ant.base.ant:<class 'usb.core.USBTimeoutError'>, (60, 'Operation timed out')
WARNING:ant.base.ant:<class 'usb.core.USBTimeoutError'>, (60, 'Operation timed out')
WARNING:ant.base.ant:<class 'usb.core.USBTimeoutError'>, (60, 'Operation timed out')
WARNING:ant.base.ant:<class 'usb.core.USBTimeoutError'>, (60, 'Operation timed out')
WARNING:ant.base.ant:<class 'usb.core.USBTimeoutError'>, (60, 'Operation timed out')
WARNING:ant.base.ant:<class 'usb.core.USBTimeoutError'>, (60, 'Operation timed out')
WARNING:ant.base.ant:<class 'usb.core.USBTimeoutError'>, (60, 'Operation timed out')
WARNING:ant.base.ant:<class 'usb.core.USBTimeoutError'>, (60, 'Operation timed out')
WARNING:ant.base.ant:<class 'usb.core.USBTimeoutError'>, (60, 'Operation timed out')
WARNING:ant.base.ant:<class 'usb.core.USBTimeoutError'>, (60, 'Operation timed out')
WARNING:ant.base.ant:<class 'usb.core.USBTimeoutError'>, (60, 'Operation timed out')
WARNING:ant.base.ant:<class 'usb.core.USBTimeoutError'>, (60, 'Operation timed out')
WARNING:ant.base.ant:<class 'usb.core.USBTimeoutError'>, (60, 'Operation timed out')
DEBUG:ant.base.ant:Read data: [a4 0e 4e 00 04 ff ad 2e b2 31 97 50 80 9a 0d 78 d1 66] (now have [a4 0e 4e 00 04 ff ad 2e b2 31 97 50 80 9a 0d 78 d1 66] in buffer)
DEBUG:ant.base.ant:Got broadcast data, examine queue to see if we should send anything back
DEBUG:ant.base.ant: - no messages in queue
DEBUG:ant.base.ant:Read data: [a4 0e 4e 00 84 ff b2 31 b7 34 98 50 80 9a 0d 78 d1 e9] (now have [a4 0e 4e 00 84 ff b2 31 b7 34 98 50 80 9a 0d 78 d1 e9] in buffer)
DEBUG:ant.base.ant:Got broadcast data, examine queue to see if we should send anything back
DEBUG:ant.base.ant: - no messages in queue
DEBUG:ant.base.ant:Read data: [a4 0e 4e 00 84 ff b2 31 b7 34 98 50 80 9a 0d 78 d1 e9] (now have [a4 0e 4e 00 84 ff b2 31 b7 34 98 50 80 9a 0d 78 d1 e9] in buffer)
DEBUG:ant.base.ant:No new data this period
DEBUG:ant.base.ant:Got broadcast data, examine queue to see if we should send anything back
DEBUG:ant.base.ant: - no messages in queue
DEBUG:ant.base.ant:Read data: [a4 0e 4e 00 04 ff b7 34 9d 37 99 50 80 9a 0d 78 d1 41] (now have [a4 0e 4e 00 04 ff b7 34 9d 37 99 50 80 9a 0d 78 d1 41] in buffer)
DEBUG:ant.base.ant:Got broadcast data, examine queue to see if we should send anything back
DEBUG:ant.base.ant: - no messages in queue
DEBUG:ant.base.ant:Read data: [a4 0e 4e 00 04 ff 9d 37 72 3a 9a 51 80 9a 0d 78 d1 88] (now have [a4 0e 4e 00 04 ff 9d 37 72 3a 9a 51 80 9a 0d 78 d1 88] in buffer)
DEBUG:ant.base.ant:Got broadcast data, examine queue to see if we should send anything back
DEBUG:ant.base.ant: - no messages in queue
DEBUG:ant.base.ant:Read data: [a4 0e 4e 00 84 ff 72 3a 32 3d 9b 52 80 9a 0d 78 d1 af] (now have [a4 0e 4e 00 84 ff 72 3a 32 3d 9b 52 80 9a 0d 78 d1 af] in buffer)
DEBUG:ant.base.ant:Got broadcast data, examine queue to see if we should send anything back
DEBUG:ant.base.ant: - no messages in queue
DEBUG:ant.base.ant:Read data: [a4 0e 4e 00 84 ff 72 3a 32 3d 9b 52 80 9a 0d 78 d1 af] (now have [a4 0e 4e 00 84 ff 72 3a 32 3d 9b 52 80 9a 0d 78 d1 af] in buffer)
DEBUG:ant.base.ant:No new data this period
DEBUG:ant.base.ant:Got broadcast data, examine queue to see if we should send anything back
DEBUG:ant.base.ant: - no messages in queue
DEBUG:ant.base.ant:Read data: [a4 0e 4e 00 04 ff 32 3d d9 3f 9c 53 80 9a 0d 78 d1 87] (now have [a4 0e 4e 00 04 ff 32 3d d9 3f 9c 53 80 9a 0d 78 d1 87] in buffer)
DEBUG:ant.base.ant:Got broadcast data, examine queue to see if we should send anything back
DEBUG:ant.base.ant: - no messages in queue
DEBUG:ant.base.ant:Read data: [a4 0e 4e 00 04 ff 32 3d d9 3f 9c 53 80 9a 0d 78 d1 87] (now have [a4 0e 4e 00 04 ff 32 3d d9 3f 9c 53 80 9a 0d 78 d1 87] in buffer)
DEBUG:ant.base.ant:No new data this period
DEBUG:ant.base.ant:Got broadcast data, examine queue to see if we should send anything back
DEBUG:ant.base.ant: - no messages in queue
DEBUG:ant.base.ant:Read data: [a4 0e 4e 00 04 ff d9 3f 95 42 9d 53 80 9a 0d 78 d1 5e] (now have [a4 0e 4e 00 04 ff d9 3f 95 42 9d 53 80 9a 0d 78 d1 5e] in buffer)
DEBUG:ant.base.ant:Got broadcast data, examine queue to see if we should send anything back
DEBUG:ant.base.ant: - no messages in queue
DEBUG:ant.base.ant:Read data: [a4 0e 4e 00 04 ff d9 3f 95 42 9d 53 80 9a 0d 78 d1 5e] (now have [a4 0e 4e 00 04 ff d9 3f 95 42 9d 53 80 9a 0d 78 d1 5e] in buffer)
DEBUG:ant.base.ant:No new data this period
DEBUG:ant.base.ant:Got broadcast data, examine queue to see if we should send anything back
DEBUG:ant.base.ant: - no messages in queue
DEBUG:ant.base.ant:Read data: [a4 0e 4e 00 89 fc ff ff 95 42 9d 53 80 9a 0d 78 d1 36] (now have [a4 0e 4e 00 89 fc ff ff 95 42 9d 53 80 9a 0d 78 d1 36] in buffer)
DEBUG:ant.base.ant:Got broadcast data, examine queue to see if we should send anything back
DEBUG:ant.base.ant: - no messages in queue
DEBUG:ant.base.ant:Read data: [a4 0e 4e 00 89 fc ff ff 55 45 9e 54 80 9a 0d 78 d1 f5] (now have [a4 0e 4e 00 89 fc ff ff 55 45 9e 54 80 9a 0d 78 d1 f5] in buffer)
DEBUG:ant.base.ant:Got broadcast data, examine queue to see if we should send anything back
DEBUG:ant.base.ant: - no messages in queue
DEBUG:ant.base.ant:Read data: [a4 0e 4e 00 89 fc ff ff 55 45 9e 54 80 9a 0d 78 d1 f5] (now have [a4 0e 4e 00 89 fc ff ff 55 45 9e 54 80 9a 0d 78 d1 f5] in buffer)
DEBUG:ant.base.ant:No new data this period
DEBUG:ant.base.ant:Got broadcast data, examine queue to see if we should send anything back
DEBUG:ant.base.ant: - no messages in queue
DEBUG:ant.base.ant:Read data: [a4 0e 4e 00 04 ff 55 45 2f 48 9f 54 80 9a 0d 78 d1 1d] (now have [a4 0e 4e 00 04 ff 55 45 2f 48 9f 54 80 9a 0d 78 d1 1d] in buffer)
DEBUG:ant.base.ant:Got broadcast data, examine queue to see if we should send anything back
DEBUG:ant.base.ant: - no messages in queue
DEBUG:ant.base.ant:Read data: [a4 0e 4e 00 84 ff 2f 48 36 4b a0 53 80 9a 0d 78 d1 c8] (now have [a4 0e 4e 00 84 ff 2f 48 36 4b a0 53 80 9a 0d 78 d1 c8] in buffer)
DEBUG:ant.base.ant:Got broadcast data, examine queue to see if we should send anything back
DEBUG:ant.base.ant: - no messages in queue
DEBUG:ant.base.ant:Read data: [a4 0e 4e 00 84 ff 36 4b 46 4e a1 52 80 9a 0d 78 d1 a7] (now have [a4 0e 4e 00 84 ff 36 4b 46 4e a1 52 80 9a 0d 78 d1 a7] in buffer)
DEBUG:ant.base.ant:Got broadcast data, examine queue to see if we should send anything back
DEBUG:ant.base.ant: - no messages in queue
DEBUG:ant.base.ant:Read data: [a4 0e 4e 00 84 ff 36 4b 46 4e a1 52 80 9a 0d 78 d1 a7] (now have [a4 0e 4e 00 84 ff 36 4b 46 4e a1 52 80 9a 0d 78 d1 a7] in buffer)
DEBUG:ant.base.ant:No new data this period
DEBUG:ant.base.ant:Got broadcast data, examine queue to see if we should send anything back
DEBUG:ant.base.ant: - no messages in queue
WARNING:ant.base.ant:<class 'usb.core.USBTimeoutError'>, (60, 'Operation timed out')
WARNING:ant.base.ant:<class 'usb.core.USBTimeoutError'>, (60, 'Operation timed out')
WARNING:ant.base.ant:<class 'usb.core.USBTimeoutError'>, (60, 'Operation timed out')
WARNING:ant.base.ant:<class 'usb.core.USBTimeoutError'>, (60, 'Operation timed out')
WARNING:ant.base.ant:<class 'usb.core.USBTimeoutError'>, (60, 'Operation timed out')
WARNING:ant.base.ant:<class 'usb.core.USBTimeoutError'>, (60, 'Operation timed out')
DEBUG:ant.base.ant:Read data: [a4 0e 4e 00 04 ff ed 62 5c 66 a9 51 80 9a 0d 78 d1 ec] (now have [a4 0e 4e 00 04 ff ed 62 5c 66 a9 51 80 9a 0d 78 d1 ec] in buffer)
DEBUG:ant.base.ant:Got broadcast data, examine queue to see if we should send anything back
DEBUG:ant.base.ant: - no messages in queue
DEBUG:ant.base.ant:Read data: [a4 0e 4e 00 04 ff 5c 66 d2 69 aa 4f 80 9a 0d 78 d1 c5] (now have [a4 0e 4e 00 04 ff 5c 66 d2 69 aa 4f 80 9a 0d 78 d1 c5] in buffer)
DEBUG:ant.base.ant:Got broadcast data, examine queue to see if we should send anything back
DEBUG:ant.base.ant: - no messages in queue
WARNING:ant.base.ant:<class 'usb.core.USBTimeoutError'>, (60, 'Operation timed out')
DEBUG:ant.base.ant:Read data: [a4 0e 4e 00 04 ff d2 69 29 6d ab 4e 80 9a 0d 78 d1 bb] (now have [a4 0e 4e 00 04 ff d2 69 29 6d ab 4e 80 9a 0d 78 d1 bb] in buffer)
DEBUG:ant.base.ant:Got broadcast data, examine queue to see if we should send anything back
DEBUG:ant.base.ant: - no messages in queue
DEBUG:ant.base.ant:Read data: [a4 0e 4e 00 04 ff 29 6d 7f 70 ac 4d 80 9a 0d 78 d1 0b] (now have [a4 0e 4e 00 04 ff 29 6d 7f 70 ac 4d 80 9a 0d 78 d1 0b] in buffer)
DEBUG:ant.base.ant:Got broadcast data, examine queue to see if we should send anything back
DEBUG:ant.base.ant: - no messages in queue
WARNING:ant.base.ant:<class 'usb.core.USBTimeoutError'>, (60, 'Operation timed out')
DEBUG:ant.base.ant:Read data: [a4 0e 4e 00 04 ff e3 73 32 77 ae 4c 80 9a 0d 78 d1 96] (now have [a4 0e 4e 00 04 ff e3 73 32 77 ae 4c 80 9a 0d 78 d1 96] in buffer)
DEBUG:ant.base.ant:Got broadcast data, examine queue to see if we should send anything back
DEBUG:ant.base.ant: - no messages in queue
WARNING:ant.base.ant:<class 'usb.core.USBTimeoutError'>, (60, 'Operation timed out')
WARNING:ant.base.ant:<class 'usb.core.USBTimeoutError'>, (60, 'Operation timed out')
WARNING:ant.base.ant:<class 'usb.core.USBTimeoutError'>, (60, 'Operation timed out')
WARNING:ant.base.ant:<class 'usb.core.USBTimeoutError'>, (60, 'Operation timed out')
WARNING:ant.base.ant:<class 'usb.core.USBTimeoutError'>, (60, 'Operation timed out')
WARNING:ant.base.ant:<class 'usb.core.USBTimeoutError'>, (60, 'Operation timed out')
WARNING:ant.base.ant:<class 'usb.core.USBTimeoutError'>, (60, 'Operation timed out')
WARNING:ant.base.ant:<class 'usb.core.USBTimeoutError'>, (60, 'Operation timed out')
WARNING:ant.base.ant:<class 'usb.core.USBTimeoutError'>, (60, 'Operation timed out')
DEBUG:ant.base.ant:Read data: [a4 0e 4e 00 04 ff a7 9a fa 9d ba 4a 80 9a 0d 78 d1 0b] (now have [a4 0e 4e 00 04 ff a7 9a fa 9d ba 4a 80 9a 0d 78 d1 0b] in buffer)
DEBUG:ant.base.ant:Got broadcast data, examine queue to see if we should send anything back
DEBUG:ant.base.ant: - no messages in queue
DEBUG:ant.base.ant:Read data: [a4 0e 4e 00 04 ff a7 9a fa 9d ba 4a 80 9a 0d 78 d1 0b] (now have [a4 0e 4e 00 04 ff a7 9a fa 9d ba 4a 80 9a 0d 78 d1 0b] in buffer)
DEBUG:ant.base.ant:No new data this period
DEBUG:ant.base.ant:Got broadcast data, examine queue to see if we should send anything back
DEBUG:ant.base.ant: - no messages in queue
DEBUG:ant.base.ant:Read data: [a4 0e 4e 00 04 ff fa 9d 51 a1 bb 4a 80 9a 0d 78 d1 c7] (now have [a4 0e 4e 00 04 ff fa 9d 51 a1 bb 4a 80 9a 0d 78 d1 c7] in buffer)
DEBUG:ant.base.ant:Got broadcast data, examine queue to see if we should send anything back
DEBUG:ant.base.ant: - no messages in queue
WARNING:ant.base.ant:<class 'usb.core.USBTimeoutError'>, (60, 'Operation timed out')
DEBUG:ant.base.ant:Read data: [a4 0e 4e 00 04 ff 8d a4 96 a7 bd 4a 80 9a 0d 78 d1 4e] (now have [a4 0e 4e 00 04 ff 8d a4 96 a7 bd 4a 80 9a 0d 78 d1 4e] in buffer)
DEBUG:ant.base.ant:Got broadcast data, examine queue to see if we should send anything back
DEBUG:ant.base.ant: - no messages in queue
DEBUG:ant.base.ant:Read data: [a4 0e 4e 00 84 ff 96 a7 73 aa be 4b 80 9a 0d 78 d1 3c] (now have [a4 0e 4e 00 84 ff 96 a7 73 aa be 4b 80 9a 0d 78 d1 3c] in buffer)
DEBUG:ant.base.ant:Got broadcast data, examine queue to see if we should send anything back
DEBUG:ant.base.ant: - no messages in queue
DEBUG:ant.base.ant:Read data: [a4 0e 4e 00 84 ff 73 aa 46 ad bf 4c 80 9a 0d 78 d1 e0] (now have [a4 0e 4e 00 84 ff 73 aa 46 ad bf 4c 80 9a 0d 78 d1 e0] in buffer)
DEBUG:ant.base.ant:Got broadcast data, examine queue to see if we should send anything back
DEBUG:ant.base.ant: - no messages in queue
DEBUG:ant.base.ant:Read data: [a4 0e 4e 00 04 ff 46 ad 3a b0 c0 4d 80 9a 0d 78 d1 4d] (now have [a4 0e 4e 00 04 ff 46 ad 3a b0 c0 4d 80 9a 0d 78 d1 4d] in buffer)
DEBUG:ant.base.ant:Got broadcast data, examine queue to see if we should send anything back
DEBUG:ant.base.ant: - no messages in queue
DEBUG:ant.base.ant:Read data: [a4 0e 4e 00 84 ff 46 ad 3a b0 c0 4d 80 9a 0d 78 d1 cd] (now have [a4 0e 4e 00 84 ff 46 ad 3a b0 c0 4d 80 9a 0d 78 d1 cd] in buffer)
DEBUG:ant.base.ant:Got broadcast data, examine queue to see if we should send anything back
DEBUG:ant.base.ant: - no messages in queue
DEBUG:ant.base.ant:Read data: [a4 0e 4e 00 84 ff 3a b0 6c b3 c1 4d 80 9a 0d 78 d1 f8] (now have [a4 0e 4e 00 84 ff 3a b0 6c b3 c1 4d 80 9a 0d 78 d1 f8] in buffer)
DEBUG:ant.base.ant:Got broadcast data, examine queue to see if we should send anything back
DEBUG:ant.base.ant: - no messages in queue
DEBUG:ant.base.ant:Read data: [a4 0e 4e 00 84 ff 3a b0 6c b3 c1 4d 80 9a 0d 78 d1 f8] (now have [a4 0e 4e 00 84 ff 3a b0 6c b3 c1 4d 80 9a 0d 78 d1 f8] in buffer)
DEBUG:ant.base.ant:No new data this period
DEBUG:ant.base.ant:Got broadcast data, examine queue to see if we should send anything back
DEBUG:ant.base.ant: - no messages in queue
DEBUG:ant.base.ant:Read data: [a4 0e 4e 00 04 ff 6c b3 b9 b6 c2 4c 80 9a 0d 78 d1 ff] (now have [a4 0e 4e 00 04 ff 6c b3 b9 b6 c2 4c 80 9a 0d 78 d1 ff] in buffer)
DEBUG:ant.base.ant:Got broadcast data, examine queue to see if we should send anything back
DEBUG:ant.base.ant: - no messages in queue
DEBUG:ant.base.ant:Read data: [a4 0e 4e 00 04 ff 6c b3 b9 b6 c2 4c 80 9a 0d 78 d1 ff] (now have [a4 0e 4e 00 04 ff 6c b3 b9 b6 c2 4c 80 9a 0d 78 d1 ff] in buffer)
DEBUG:ant.base.ant:No new data this period
DEBUG:ant.base.ant:Got broadcast data, examine queue to see if we should send anything back
DEBUG:ant.base.ant: - no messages in queue
DEBUG:ant.base.ant:Read data: [a4 0e 4e 00 04 ff 6c b3 b9 b6 c2 4c 80 9a 0d 78 d1 ff] (now have [a4 0e 4e 00 04 ff 6c b3 b9 b6 c2 4c 80 9a 0d 78 d1 ff] in buffer)
DEBUG:ant.base.ant:No new data this period
DEBUG:ant.base.ant:Got broadcast data, examine queue to see if we should send anything back
DEBUG:ant.base.ant: - no messages in queue
DEBUG:ant.base.ant:Read data: [a4 0e 4e 00 04 ff b9 b6 ca b9 c3 4c 80 9a 0d 78 d1 52] (now have [a4 0e 4e 00 04 ff b9 b6 ca b9 c3 4c 80 9a 0d 78 d1 52] in buffer)
DEBUG:ant.base.ant:Got broadcast data, examine queue to see if we should send anything back
DEBUG:ant.base.ant: - no messages in queue
DEBUG:ant.base.ant:Read data: [a4 0e 4e 00 84 ff b9 b6 ca b9 c3 4c 80 9a 0d 78 d1 d2] (now have [a4 0e 4e 00 84 ff b9 b6 ca b9 c3 4c 80 9a 0d 78 d1 d2] in buffer)
DEBUG:ant.base.ant:Got broadcast data, examine queue to see if we should send anything back
DEBUG:ant.base.ant: - no messages in queue
DEBUG:ant.base.ant:Read data: [a4 0e 4e 00 84 ff ca b9 cd bc c4 4d 80 9a 0d 78 d1 aa] (now have [a4 0e 4e 00 84 ff ca b9 cd bc c4 4d 80 9a 0d 78 d1 aa] in buffer)
DEBUG:ant.base.ant:Got broadcast data, examine queue to see if we should send anything back
DEBUG:ant.base.ant: - no messages in queue
DEBUG:ant.base.ant:Read data: [a4 0e 4e 00 04 ff ca b9 cd bc c4 4d 80 9a 0d 78 d1 2a] (now have [a4 0e 4e 00 04 ff ca b9 cd bc c4 4d 80 9a 0d 78 d1 2a] in buffer)
DEBUG:ant.base.ant:Got broadcast data, examine queue to see if we should send anything back
DEBUG:ant.base.ant: - no messages in queue
DEBUG:ant.base.ant:Read data: [a4 0e 4e 00 04 ff cd bc b7 bf c5 4d 80 9a 0d 78 d1 50] (now have [a4 0e 4e 00 04 ff cd bc b7 bf c5 4d 80 9a 0d 78 d1 50] in buffer)
DEBUG:ant.base.ant:Got broadcast data, examine queue to see if we should send anything back
DEBUG:ant.base.ant: - no messages in queue
DEBUG:ant.base.ant:Read data: [a4 0e 4e 00 84 ff b7 bf 98 c2 c6 4e 80 9a 0d 78 d1 fb] (now have [a4 0e 4e 00 84 ff b7 bf 98 c2 c6 4e 80 9a 0d 78 d1 fb] in buffer)
DEBUG:ant.base.ant:Got broadcast data, examine queue to see if we should send anything back
DEBUG:ant.base.ant: - no messages in queue
DEBUG:ant.easy.node:Stoping ant.easy
DEBUG:ant.base.ant:Stoping ant.base
DEBUG:ant.base.ant:Read data: [a4 0e 4e 00 84 ff b7 bf 98 c2 c6 4e 80 9a 0d 78 d1 fb] (now have [a4 0e 4e 00 84 ff b7 bf 98 c2 c6 4e 80 9a 0d 78 d1 fb] in buffer)
DEBUG:ant.base.ant:Ant runner stopped
